symbol,fiscaldate_end,reported_currency,gross_profit,total_revenue,costof_revenue,costof_goodservices_sold,operating_income,selling_gen_admin,research_dev,operating_expenses,investment_income_net,netInterestIncome,interest_income,interest_expense,noninterest_income,othernon_operatingincome,depreciation,dpr_and_amort,income_beforetax,incometax_expense,interest_debt_expense,netincome_cont_operations,comprehensive_income_netoftax,ebit,ebitda,netincome
ABCM,2020-09-30,GBP,0,0.0,0,0,0.0,0.0,0.0,0.0,0,0,0,0.0,0,0,0,0,0.0,1050000,0,0.0,0,0.0,0,0.0
ABNB,2020-12-31,USD,649517000,859264000.0,209747000,209747000,-3085794000.0,1343584000.0,2062195000.0,3945058000.0,0,-60853000,3287000,64140000.0,0,0,0,0,-3992502000.0,-104651000,0,-3887851000.0,0,-3895924000.0,0,-3887851000.0
ABST,2020-09-30,USD,25380150,28495557.0,3115407,3115407,4198883.0,16119574.0,5061693.0,24296674.0,0,-116713,21936,138649.0,0,0,0,0,3895944.0,1294000,0,2601944.0,0,5390617.0,0,2601944.0
ACCD,2020-05-31,USD,22493000,44441000.0,21948000,21948000,-12625000.0,12877000.0,11370000.0,48519000.0,0,-1282000,0,1282000.0,0,0,0,0,-13922000.0,38000,0,-13960000.0,0,896000.0,0,-13960000.0
ACI,2020-06-20,USD,6771500000,22751600000.0,15980100000,0,971800000.0,5769400000.0,0.0,5769400000.0,0,-180600000,0,0.0,0,-3100000,0,0,788100000.0,201900000,0,586200000.0,587900000,971800000.0,0,586200000.0
ADCT,2020-03-31,USD,0,0.0,0,0,0.0,0.0,0.0,0.0,0,0,0,0.0,0,0,0,0,0.0,102000,0,0.0,0,0.0,0,0.0
ADTX,2020-06-30,USD,0,0.0,0,0,-398480.0,370186.0,28294.0,398480.0,0,-135837,0,135837.0,0,0,0,0,-534317.0,0,0,-534317.0,0,-398480.0,0,-534317.0
AFYA,2019-06-30,BRL,96210000.0,178493000.0,82283000.0,82283000.0,37202000.0,59584000.0,0.0,59008000.0,0,-16755000,1410000,15721000.0,0,0,0,0,23051000.0,1725000.0,0,21326000.0,0,28287000.0,0,16317000.0
AGBA,2019-03-31,USD,0,0.0,0,0,-10020.0,10020.0,0.0,10020.0,0,5,5,0.0,0,0,0,0,-10015.0,0,0,-10015.0,0,-10020.0,0,-10015.0
AIH,2019-09-30,CNY,164348000.0,237892000.0,73544000.0,73544000.0,7493000.0,156855000.0,0.0,230399000.0,0,-6222000,115308000,6222000.0,0,0,0,0,123314000.0,4551000.0,0,118763000.0,0,129536000.0,0,115674000.0
AI,2020-10-31,USD,31260000,41341000.0,10081000,10081000,-14524000.0,29650000.0,16134000.0,55865000.0,0,288000,288000,0.0,0,0,0,0,-14814000.0,130000,0,-14944000.0,0,-13454000.0,0,-14944000.0
AKRO,2019-06-30,USD,0,0.0,0,0,-7609000.0,1649000.0,5960000.0,7609000.0,0,0,0,0.0,0,0,0,0,-7228000.0,0,0,-7228000.0,0,-7609000.0,0,-7228000.0
AKUS,2020-06-30,USD,0,0.0,0,0,-12601000.0,2664000.0,9937000.0,12601000.0,0,80000,80000,0.0,0,0,0,0,-12523000.0,0,0,-12523000.0,0,-12072000.0,0,-12523000.0
ALEC,2018-12-31,USD,-14952000,9145000.0,24097000,24097000,-19017000.0,4065000.0,24097000.0,28162000.0,0,0,0,0.0,0,1644000,0,276000,-17373000.0,0,0,-17373000.0,-17275000,-19017000.0,-18741000,-17373000.0
ALGM,2020-09-30,USD,55701000,115001000.0,59300000,59300000,12402000.0,26789000.0,25130000.0,124247000.0,0,350000,0,0.0,0,0,0,0,11700000.0,2082000,0,9618000.0,0,15939000.0,0,9584000.0
ALGS,2020-09-30,USD,0,0.0,0,0,-21557000.0,4225000.0,17332000.0,21557000.0,0,234000,234000,0.0,0,0,0,0,-33297000.0,0,0,-33297000.0,0,-20672000.0,0,-33297000.0
ALUS,2019-12-31,USD,0,0.0,0,0,-114583.0,114583.0,0.0,114583.0,0,0,0,0.0,0,0,0,0,216198.0,0,0,216198.0,0,-114583.0,0,216198.0
ALVR,2020-06-30,USD,0,0.0,0,0,-12153000.0,3268000.0,8885000.0,12153000.0,0,166000,166000,0.0,0,0,0,0,-11632000.0,0,0,-11632000.0,0,-12134000.0,0,-11632000.0
AMHC,2019-12-31,USD,0,0.0,0,0,-135300.0,136300.0,0.0,0.0,0,0,154570,0.0,0,0,0,0,19270.0,16230,0,0.0,0,0.0,0,3040.0
AMK,2019-06-30,USD,35774000,104483000.0,68709000,68709000,10557000.0,17604000.0,0.0,93926000.0,0,-4031000,-4031000,4031000.0,0,0,0,7613000,6526000.0,3289000,0,3237000.0,3237000,10557000.0,18170000,3237000.0
AMST,2020-09-30,USD,0,110109.0,0,0,-1472446.0,1114792.0,467763.0,1582555.0,0,-3613818,13,3613831.0,0,0,0,0,-5086264.0,0,0,-5086264.0,0,-1311459.0,0,-5086264.0
AMTI,2020-06-30,USD,0,0.0,0,0,-15323000.0,2487000.0,12836000.0,15323000.0,0,48000,48000,0.0,0,0,0,0,-15379000.0,0,0,-15379000.0,0,-14958000.0,0,-15379000.0
AMWL,2020-09-30,USD,20435000,62551000.0,42116000,42116000,-64287000.0,56871000.0,25275000.0,126838000.0,0,255000,255000,0.0,0,0,0,0,-64032000.0,78000,0,-64596000.0,0,-61711000.0,0,-63081000.0
ANDA,2018-12-31,USD,0,0.0,0,0,-14772.0,14772.0,0.0,14772.0,0,0,0,0.0,0,0,0,0,-7490.0,0,0,-7490.0,0,-14772.0,0,-7490.0
ANNX,2020-06-30,USD,0,0.0,0,0,-12237000.0,2950000.0,9287000.0,12237000.0,0,0,0,0.0,0,0,0,0,-12236000.0,4000,0,-12240000.0,0,-12106000.0,0,-12240000.0
ANPC,2019-12-31,CNY,951000,2732000.0,1781000,1781000,-25018000.0,23503000.0,2701000.0,27750000.0,0,-712000,0,712000.0,0,0,0,0,-33253000.0,-331000,0,-32922000.0,0,-31801000.0,0,-32555000.0
ANVS,2019-12-31,USD,0,0.0,0,0,-135887.0,108780.0,762182.0,135887.0,0,-12369,0,-12369.0,0,0,0,0,-201256.0,0,0,-201256.0,0,-109387.0,0,-201256.0
API,2020-06-30,USD,24478072,35560435.0,11082363,11082363,3069000.0,9547384.0,10919000.0,-23259.0,0,120000,120000,0.0,0,0,0,0,3196000.0,190000,0,3006000.0,0,4017466.0,0,3006000.0
APLT,2019-03-31,USD,0,0.0,0,0,-8729000.0,1855000.0,6874000.0,8729000.0,0,-1000,-1000,-1000.0,0,0,0,0,-8730000.0,0,0,-8730000.0,0,-8729000.0,0,-8730000.0
APSG,2020-09-30,USD,0,0.0,0,0,-10000.0,10000.0,0.0,10000.0,0,0,0,0.0,0,0,0,0,-10000.0,0,0,-10000.0,0,-10000.0,0,-10000.0
AREC,2019-03-31,USD,6994276,6994276.0,0,9257380,-9891406.0,1372588.0,1600117.0,16885682.0,0,-283683,41171,324854.0,7362925,-174214,816916,0,-14565190.0,0,324854,-10065620.0,-10065620,-9891406.0,0,-10065620.0
ARQT,2019-12-31,USD,0,0.0,0,0,-12994000.0,2237000.0,10757000.0,12994000.0,0,0,0,0.0,0,0,0,0,-12568000.0,0,0,-12568000.0,0,-12843000.0,0,-12568000.0
ARRY,2020-09-30,USD,26731000,139462000.0,112731000,112731000,-5107000.0,11873000.0,0.0,31838000.0,0,-673000,0,673000.0,0,-29000,600000,6374000,-5809000.0,1423000,0,-7232000.0,0,-5107000.0,1267000,-7232000.0
ARYA,2020-06-30,USD,0,0.0,0,0,-11717.0,11717.0,0.0,11717.0,0,0,0,0.0,0,0,0,0,-11717.0,0,0,-11717.0,0,-11717.0,0,-11717.0
ASAN,2020-10-31,USD,51584000,58905000.0,7321000,7321000,-61934000.0,80522000.0,32996000.0,120839000.0,0,-10740000,0,10740000.0,0,0,0,0,-72674000.0,615000,0,-73289000.0,0,-60942000.0,0,-73289000.0
ASO,2020-10-31,USD,496501000,1606420000.0,1109919000,1109919000,81556000.0,312713000.0,0.0,1267520000.0,0,-22399000,0,22399000.0,0,0,0,0,58393000.0,-1193000,0,59586000.0,0,184416000.0,0,59586000.0
ATAC,2020-09-30,USD,0,0.0,0,0,0.0,0.0,0.0,0.0,0,0,0,0.0,0,0,0,0,0.0,0,0,0.0,0,0.0,0,0.0
ATHA,2020-09-30,USD,0,0.0,0,0,-7397000.0,1567000.0,5830000.0,7397000.0,0,35000,35000,0.0,0,0,0,0,-8456000.0,0,0,-8456000.0,0,-7815000.0,0,-8456000.0
ATIF,2019-04-30,USD,322996,322996.0,0,0,-452319.0,775315.0,0.0,775315.0,0,0,0,0.0,0,0,0,0,-446317.0,-71157,0,-375159.0,0,-452319.0,0,-375159.0
AUVI,2020-09-30,USD,78178,1560633.0,1482455,1482455,-894967.0,925108.0,48037.0,2455600.0,0,0,0,0.0,0,0,0,0,-894732.0,0,0,-894732.0,0,-885785.0,0,-894732.0
AVIR,2020-09-30,USD,0,0.0,0,0,-17629000.0,4028000.0,13601000.0,17629000.0,0,7000,7000,0.0,0,0,0,0,-17622000.0,0,0,-17622000.0,0,-17624000.0,0,-17622000.0
AVO,2020-10-31,USD,39513000,206773000.0,167260000,167260000,22691000.0,16822000.0,0.0,184082000.0,0,-705000,534000,1239000.0,0,0,0,0,23327000.0,4569000,0,18758000.0,0,30031000.0,0,18758000.0
AVTR,2019-06-30,USD,491100000,1532400000.0,1041300000,1041300000,119100000.0,372000000.0,0.0,1413300000.0,0,-115100000,-100800000,115100000.0,0,15600000,0,103000000,-50600000.0,-1900000,0,-48700000.0,-37300000,119100000.0,222100000,-48700000.0
AYLA,2020-03-31,USD,0,1001000.0,1001000,1001000,-6439000.0,1311000.0,5128000.0,7440000.0,0,-38000,-38000,0.0,0,0,0,0,-6477000.0,121000,0,-6598000.0,0,-6386000.0,0,-6598000.0
AZEK,2020-06-30,USD,75123000,223711000.0,148588000,148588000,7970000.0,65164000.0,1700000.0,65164.0,0,-25148000,0,25148000.0,0,0,12700000,0,-54716000.0,-2600000,0,-52116000.0,-52116000,7970000.0,0,-52116000.0
BCOW,2018-12-31,USD,3995000,3995000.0,0,0,3962782.0,32218.0,0.0,46218.0,0,3319000,4504000,1185000.0,662000,0,175000,0,68000.0,9000,1185000,59000.0,433000,3962782.0,0,59000.0
BCYC,2019-06-30,USD,-5015000,1522000.0,6537000,6537000,-7988000.0,2973000.0,6537000.0,9510000.0,0,90000,90000,0.0,0,0,0,0,-10082000.0,135000,0,-10217000.0,0,-7758000.0,0,-10217000.0
BDSX,2020-09-30,USD,5302000,9193000.0,3891000,3891000,-6240000.0,7879000.0,2706000.0,15433000.0,0,-2658000,0,2658000.0,0,53000,200000,0,-8845000.0,0,0,-8845000.0,0,-6240000.0,0,-8845000.0
BDTX,2019-12-31,USD,0,0.0,0,0,-10344000.0,2884000.0,7460000.0,10344000.0,0,440000,440000,0.0,0,0,0,0,-9875000.0,0,0,-9875000.0,0,-3940000.0,0,-9875000.0
BEAM,2019-12-31,USD,0,6000.0,0,0,-26371000.0,6160000.0,20217000.0,26377000.0,0,385000,504000,119000.0,0,0,1002000,0,-27850000.0,0,0,-27850000.0,-27882000,-26371000.0,0,-27850000.0
BEKE,2020-06-30,CNY,4383230000,20548915000.0,16165685000,16165685000,3435050000.0,3675157000.0,523670000.0,16706609000.0,0,58486000,105005000,39926000.0,0,0,0,0,3620528000.0,781715000,0,2838813000.0,0,-149197000.0,0,2836568000.0
BFT,2020-09-30,USD,0,0.0,0,0,-123513.0,123513.0,0.0,123513.0,0,126374,126374,0.0,0,0,0,0,2861.0,19538,0,-16677.0,0,-123513.0,0,-16677.0
BHAT,2019-06-30,USD,2222834,3176565.0,953732,953732,1268818.0,857868.0,96148.0,1907748.0,0,-19451,32,18759.0,0,0,0,0,1143746.0,55447,0,1088299.0,0,1162505.0,0,1088299.0
BHSE,2020-09-30,USD,0,0.0,0,0,-50.0,50.0,0.0,50.0,0,0,0,0.0,0,0,0,0,-50.0,0,0,-50.0,0,-50.0,0,-50.0
BIGC,2020-06-30,USD,28479000,36316000.0,7837000,7837000,-7383000.0,24517000.0,11345000.0,35862000.0,0,-1135000,17000,1152000.0,0,40000,0,0,-8478000.0,3000,0,-8481000.0,-8481000,-7383000.0,0,-8481000.0
BLCT,2020-06-30,CNY,77182914,247439121.0,170256207,170256207,-5450987.0,51297668.0,31336233.0,252890108.0,0,1945683,1945683,0.0,0,0,0,0,-3505691.0,-155928,0,-3349763.0,0,-5450600.0,0,-3349763.0
BNL,2020-09-30,USD,80744000,80744000.0,-15000,4187000,14926000.0,7214000.0,0.0,65061000.0,0,-18511000,-18511000,18511000.0,-392000,0,0,31363000,9840000.0,129000,18903000,15988000.0,12634000,14926000.0,46289000,8750000.0
BNR,2020-06-30,CNY,78398000,106971000.0,28573000,28573000,-73042000.0,80264000.0,71176000.0,180013000.0,0,1983000,44000,-1939000.0,0,0,0,0,-71055000.0,0,0,-71055000.0,0,-72876000.0,0,-71055000.0
BNTX,2019-09-30,EUR,24432000,28662000.0,4230000,4230000,-36874000.0,11252000.0,50396000.0,65536000.0,0,6779000,7294000,433000.0,0,0,0,0,-30095000.0,8000.0,0,-30103000.0,0,-21170000.0,0,-30103000.0
BORR,2019-06-30,USD,54900000,86600000.0,31700000,31700000,-40500000.0,14000000.0,0.0,127100000.0,0,-28200000,200000,20100000.0,0,0,0,0,-100700000.0,2500000,0,-103200000.0,0,-24000000.0,0,-103200000.0
BQ,2020-09-30,CNY,42635000,229190000.0,186555000,186555000,-34183000.0,77076000.0,0.0,263373000.0,0,-1929000,6374000,6416000.0,0,0,0,0,-26930000.0,500000,0,-27450000.0,0,-35426000.0,0,-28067000.0
BRBR,2019-09-30,USD,76700000,214500000.0,137800000,137800000,36000000.0,35100000.0,0.0,178500000.0,0,0,0,-11600000.0,0,0,0,0,36000000.0,9300000,0,26700000.0,0,36000000.0,0,26700000.0
BSY,2020-09-30,USD,160369000,202997000.0,42628000,42628000,5323000.0,74830000.0,50217000.0,155046000.0,0,-1934000,41000,1975000.0,0,13741000,0,0,16549000.0,10705000,0,5844000.0,5037000,5323000.0,0,5844000.0
BWAY,2019-03-31,USD,4024000,5182000.0,1158000,1158000,-1609000.0,3841000.0,1792000.0,6791000.0,0,-236000,-236000,-236000.0,0,0,0,0,-1845000.0,62000,0,-1907000.0,0,-1253000.0,0,-1907000.0
CABA,2019-09-30,USD,0,0.0,0,0,-5031000.0,1811000.0,3220000.0,5031000.0,0,381000,381000,0.0,0,0,0,0,-4650000.0,0,0,-4650000.0,0,-4999000.0,0,-4650000.0
CALT,2020-06-30,SEK,0,0.0,0,0,-66562000.0,18797000.0,48386000.0,66562000.0,0,5303000,0,0.0,0,0,0,0,-61259000.0,67000,0,-61326000.0,0,-66562000.0,0,-61326000.0
CAN,2019-12-31,USD,-673429000.0,463247000.0,1136676000.0,1136676000.0,-800263000.0,62217000.0,63609000.0,127739000.0,0,398000,1793000,1395000.0,0,0,0,0,-798211000.0,0,0,-798211000.0,0,-795607000.0,0,-798211000.0
CAPA,2020-09-30,USD,0,0.0,0,0,-50637.0,50637.0,0.0,50637.0,0,384,384,0.0,0,0,0,0,-50253.0,0,0,-50253.0,0,-50637.0,0,-50253.0
CAP,2020-12-31,USD,0,0.0,0,0,-147070.0,147070.0,0.0,147070.0,0,0,12580,0.0,0,0,0,0,-134490.0,0,0,-134490.0,0,-147070.0,0,-134490.0
CCAC,2019-12-31,USD,0,0.0,0,0,-22966.0,22966.0,0.0,22966.0,0,0,0,0.0,0,0,0,0,-22966.0,0,0,-22966.0,0,-22966.0,0,-22966.0
CDAK,2020-09-30,USD,0,954000.0,0,0,-35028000.0,5342000.0,30640000.0,35982000.0,0,-603000,4000,607000.0,0,0,0,0,-35293000.0,0,0,-35293000.0,-35293000,-35028000.0,0,-35293000.0
CD,2020-09-30,CNY,190327000,467484000.0,277157000,277157000,-93244000.0,271058000.0,12513000.0,560728000.0,0,-54635000,6280000,60915000.0,0,0,0,0,-157243000.0,16454000,0,-173697000.0,0,17249000.0,0,-173697000.0
CERT,2020-12-31,USD,29736000,64641000.0,34905000,34905000,-53520000.0,62786000.0,10505000.0,118161000.0,0,-5486000,0,5486000.0,0,0,0,0,-59927000.0,-5480000,0,-54447000.0,0,-43328000.0,0,-54447000.0
CFAC,2020-09-30,USD,0,0.0,0,0,0.0,0.0,0.0,0.0,0,0,0,0.0,0,0,0,0,-505.0,0,0,-505.0,0,0.0,0,-505.0
CGRO,2020-03-31,USD,0,0.0,0,0,-908.0,908.0,0.0,908.0,0,0,0,0.0,0,0,0,0,-908.0,0,0,-908.0,0,-908.0,0,-908.0
CHAQ,2020-03-31,USD,0,0.0,0,0,-16923.0,16923.0,0.0,16923.0,0,0,0,0.0,0,0,0,0,-16923.0,0,0,-16923.0,0,-16923.0,0,-16923.0
CHWY,2019-05-31,USD,272235000,1153545000.0,881310000,881310000,-83080000.0,355315000.0,0.0,1236625000.0,0,204000,0,0.0,0,0,0,0,-82876000.0,0,0,-82876000.0,0,-75450000.0,0,-82876000.0
CLEU,2020-03-31,USD,0,0.0,0,0,0.0,0.0,0.0,0.0,0,0,0,0.0,0,0,0,0,0.0,24338,0,0.0,0,0.0,0,0.0
CMBM,2019-06-30,USD,34312000,69151000.0,34839000,34839000,-9394000.0,27290000.0,15189000.0,78545000.0,0,-2301000,-2357000,2301000.0,0,0,0,0,-11751000.0,8623000,0,-20374000.0,0,-8057000.0,0,-20374000.0
CMPI,2020-06-30,USD,0,0.0,0,0,-8271000.0,1795000.0,6476000.0,8271000.0,0,6000,6000,0.0,0,0,0,0,-8348000.0,0,0,-8348000.0,0,-8271000.0,0,-8348000.0
CMPS,2020-09-30,USD,0,0.0,0,0,-13482000.0,6607000.0,6875000.0,13482000.0,0,0,0,0.0,0,0,0,0,-16612000.0,82000,0,-16694000.0,0,-9124000.0,0,-16694000.0
CNSP,2019-09-30,USD,0,0.0,0,0,-699094.0,420191.0,278903.0,699094.0,0,-7561,-7560,7561.0,0,0,0,0,-706655.0,0,0,-706655.0,0,-698396.0,0,-706655.0
CNTG,2019-09-30,EUR,4997000.0,11638000.0,6641000.0,6641000.0,-3375000.0,6672000.0,2011000.0,7840000.0,0,-1433000,0,1433000.0,0,0,0,0,-4276000.0,0,0,-4276000.0,0,-4097000.0,0,-4276000.0
CRSA,2019-03-31,USD,0,0.0,0,0,-85740.0,85740.0,0.0,85743.0,0,0,302660,0.0,0,0,0,0,216920.0,45552,0,171366.0,0,-85743.0,0,171370.0
CRSR,2020-09-30,USD,127944000,457103000.0,329159000,329159000,49721000.0,65321000.0,12902000.0,78223000.0,0,-10170000,0,10170000.0,0,-10147000,0,0,39574000.0,3217000,0,36357000.0,39426000,49721000.0,0,36357000.0
CRTX,2019-03-31,USD,0,0.0,0,0,-6075000.0,1250000.0,4825000.0,6075000.0,0,394000,394000,0.0,0,394000,0,0,-5681000.0,0,0,-5681000.0,0,-5662000.0,0,-5681000.0
DADA,2020-06-30,CNY,222918000,1323049000.0,1100131000,1100131000,-471911000.0,551052000.0,128601000.0,1794960000.0,0,13172000,15286000,2114000.0,0,0,0,0,-458739000.0,-1253000,0,-457486000.0,0,-456625000.0,0,-457486000.0
DAO,2019-09-30,CNY,89234000.0,345908000.0,256674000.0,256674000.0,-234742000.0,249047000.0,74929000.0,580650000.0,0,-4071000,-4071000,-0.01,0,0,0,0,-229874000.0,802000.0,0,-230676000.0,0,-234742000.0,0,-231130000.0
DASH,2020-12-31,USD,501000000,970000000.0,469000000,469000000,-305000000.0,566000000.0,209000000.0,1275000000.0,0,-9000000,1000000,10000000.0,0,0,0,0,-311000000.0,1000000,0,-312000000.0,0,-270000000.0,0,-312000000.0
DCBO,2020-12-31,USD,15781000,18756000.0,2975000,2975000,-704000.0,12501000.0,3524000.0,19460000.0,0,-93000,81000,162000.0,0,0,0,0,-4159000.0,-418000,0,-3741000.0,0,-3537000.0,0,-3741000.0
DCRB,2020-09-30,USD,0,0.0,0,0,-859.0,0.0,0.0,859.0,0,0,0,0.0,0,0,0,0,-859.0,0,0,-859.0,0,-859.0,0,-859.0
DCT,2020-08-31,USD,28679000,58322000.0,29643000,29643000,-21461000.0,35512000.0,14628000.0,79783000.0,0,30000,30000,-30000.0,0,0,0,0,-20806000.0,673000,0,-21479000.0,0,-15166000.0,0,-21610000.0
DFPH,2020-03-31,USD,0,0.0,0,0,-87774.0,38074.0,0.0,87774.0,0,42685,42685,0.0,0,0,0,0,-45089.0,0,0,-45089.0,0,-87774.0,0,-45089.0
DNK,2019-12-31,CNY,2015123000.0,2129348000.0,114225000.0,114225000.0,-837694000.0,2299510000.0,50124000.0,2967042000.0,0,-83298000,-83298000,99427000.0,0,0,0,0,-920992000.0,0,0,-920992000.0,0,-821565000.0,0,-919806000.0
DOYU,2019-06-30,CNY,301050000.0,1872729000.0,1571679000.0,1571679000.0,-9960000.0,241103000.0,84404000.0,1882689000.0,0,35166000,35166000,0.0,0,0,0,0,21440000.0,0,0,23156000.0,0,-9960000.0,0,22276000.0
DUO,2019-09-30,CNY,198849000.0,947963000.0,749114000.0,749114000.0,76836000.0,48614000.0,73399000.0,871127000.0,0,0,0,0.0,0,0,0,0,80308000.0,-3.64,0,80308000.0,0,76836000.0,0,80308000.0
EBC,2020-09-30,USD,0,146451000.0,0,0,0.0,81195000.0,0.0,0.0,0,98742000,100513000,1771000.0,0,0,0,0,35934000.0,7429000,0,28505000.0,0,0.0,0,28505000.0
EBON,2020-06-30,USD,0,0.0,0,0,0.0,0.0,0.0,0.0,0,0,0,0.0,0,0,0,0,0.0,367524,0,0.0,0,0.0,0,0.0
EDTK,2020-06-30,USD,0,0.0,0,0,0.0,0.0,0.0,0.0,0,0,0,0.0,0,0,0,0,0.0,872003,0,0.0,0,0.0,0,0.0
EH,2019-12-31,CNY,33196000.0,54684000.0,21488000.0,21488000.0,2145000.0,17521000.0,15468000.0,52539000.0,0,-191000,237000,428000.0,0,0,0,0,476000.0,627000,0,-156000.0,0,2679000.0,0,-1933000.0
EIC,2019-06-30,USD,1601890,2182000.0,580110,580110,1480990.0,86250.0,0.0,102810.0,0,0,-3069160,-258.0,0,0,0,0,-1588170.0,0,0,3093388.0,0,1566590.0,0,-1588170.0
ESSC,2020-03-31,USD,0,0.0,0,0,-94824.0,0.0,0.0,94824.0,0,792381,792381,0.0,0,0,0,0,697557.0,0,0,697557.0,0,-94824.0,0,697557.0
ETNB,2019-09-30,USD,0,0.0,0,0,-8198000.0,1518000.0,6680000.0,8198000.0,0,0,0,0.0,0,0,0,0,-18668000.0,57000,0,-18725000.0,0,-8193000.0,0,-18725000.0
EXPC,2019-09-30,USD,335856000,-991346000.0,655490000,655490000,-43053.0,-126909000.0,0.0,-259403000.0,0,168280,168280,0.0,0,0,0,0,125227.0,26088,0,99139.0,0,-158453000.0,0,99139.0
FMTX,2020-06-30,USD,0,0.0,0,0,-26959000.0,6448000.0,20511000.0,26959000.0,0,895000,895000,0.0,0,0,0,0,-28678000.0,-3238000,0,-25440000.0,0,-24095000.0,0,-25440000.0
FRLN,2020-06-30,USD,0,0.0,0,0,0.0,0.0,0.0,0.0,0,0,0,0.0,0,0,0,0,0.0,0,0,0.0,0,0.0,0,0.0
FROG,2020-09-30,USD,31625000,38886000.0,7261000,7261000,-5399000.0,26643000.0,10381000.0,37024000.0,0,384000,384000,0.0,0,0,0,0,-5015000.0,250000,0,-5265000.0,-5715000,-5399000.0,0,-5265000.0
FSLY,2019-06-30,USD,25389000,46173000.0,20784000,20784000,-11681000.0,25826000.0,11244000.0,37070000.0,0,-2128000,861000,2989000.0,0,-1696000,3900000,0,-15505000.0,82000,0,-15587000.0,-15594000,-11681000.0,0,-15587000.0
FTHM,2020-06-30,USD,2331965,38688744.0,36356779,36356779,184457.0,2147508.0,0.0,38504287.0,0,-32659,0,32659.0,0,0,0,0,161798.0,1000,0,160798.0,0,238953.0,0,160798.0
FTIV,2020-09-30,USD,0,0.0,0,0,-19908.0,19908.0,0.0,19908.0,0,63,63,0.0,0,0,0,0,-19845.0,0,0,-19845.0,0,-19908.0,0,-19845.0
FUBO,2020-09-30,USD,73375000,73375000.0,0,71006000,-302164000.0,30538000.0,10727000.0,363366000.0,0,10081000,0,-10081000.0,63294000,0,100000,14413000,-290188000.0,-16071000,-12173000,-274117000.0,-277227000,-302164000.0,-287751000,-274117000.0
FUSN,2020-06-30,USD,0,0.0,0,0,-7261000.0,3988000.0,3325000.0,7261000.0,0,22000,22000,0.0,0,0,0,0,-44583000.0,150000,0,-44733000.0,0,-1098000.0,0,-44733000.0
FUTU,2019-03-31,HKD,175158000,236449000.0,61291000,61291000,62304000.0,59429000.0,0.0,112854000.0,0,87448000,107873000,20425000.0,0,0,0,0,61377000.0,15836000.0,0,45541000.0,0,0.0,0,45541000.0
FVRR,2019-06-30,USD,20607000,25912000.0,5305000,5305000,-9323000.0,21473000.0,8457000.0,29930000.0,0,-10000,-10000,-10000.0,0,0,0,0,-9333000.0,20000,0,-9353000.0,0,-8413000.0,0,-9353000.0
GAN,2020-03-31,USD,5091000,7670000.0,2579000,2579000,702000.0,4389000.0,0.0,6968000.0,0,-24000,0,24000.0,0,0,0,0,678000.0,145000,0,533000.0,0,702000.0,0,533000.0
GATO,2020-09-30,USD,-594000,0.0,594000,594000,-3724000.0,2894000.0,0.0,3724000.0,0,-147000,0,147000.0,0,0,0,0,-1185000.0,0,0,-1185000.0,0,-446000.0,0,-1185000.0
GBIO,2020-06-30,USD,0,0.0,0,0,-17764000.0,4308000.0,13456000.0,17764000.0,0,33000,0,0.0,0,0,0,0,-17731000.0,0,0,-17731000.0,0,-16939000.0,0,-17731000.0
GBS,2020-12-31,USD,0,0.0,0,0,-917326.0,858543.0,341820.0,917326.0,0,-986426,434,986860.0,0,0,0,0,-1990389.0,0,0,-1990389.0,0,-1003529.0,0,-1983964.0
GFL,2020-03-31,USD,79021000.0,931324000.0,852303000.0,852303000.0,-76100000.0,149189000.0,0.0,155059000.0,0,-269409000,-287000000,269409000.0,0,0,0,0,-365700000.0,-87726000.0,0,-277950000.0,0,-430880000.0,0,-278000000.0
GHIV,2019-12-31,USD,0,0.0,0,0,-17785.0,16672.0,0.0,17785.0,0,0,0,0.0,0,0,0,0,-17771.0,2420,0,-17771.0,0,-17785.0,0,-17771.0
GHLD,2020-09-30,USD,0,562500000.0,0,0,0.0,281979000.0,0.0,0.0,0,-1094000,14905000,15999000.0,0,0,0,0,246309000.0,64223000,0,182086000.0,0,0.0,0,182086000.0
GHSI,2019-03-31,USD,149046,194464.0,93492,93492,-1181493.0,1301511.0,29028.0,1330539.0,0,-17572,-17570,17572.0,0,0,0,68102,-1388830.0,0,17572,-977887.0,-977887,-1181493.0,-1113391,-1385099.0
GIX,2019-06-30,USD,0,0.0,0,0,-181820.0,181820.0,0.0,146624.0,0,218104,218100,0.0,0,0,0,0,36280.0,65082,0,6398.0,0,-146624.0,0,-28800.0
GLEO,2019-09-30,USD,0,0.0,0,0,-18915.0,18915.0,0.0,18915.0,0,0,0,0.0,0,0,0,0,-18915.0,0,0,-18915.0,0,-18915.0,0,-18915.0
GLSI,2020-09-30,USD,0,0.0,0,0,-256865.0,98834.0,158031.0,256865.0,0,0,0,0.0,0,0,0,0,-256865.0,0,0,-256865.0,0,-255962.0,0,-256865.0
GLTO,2020-09-30,USD,0,0.0,0,0,-10166000.0,2515000.0,7651000.0,10166.0,0,0,0,0.0,0,0,0,0,-11651000.0,0,0,-11651000.0,0,-10084000.0,0,-11651000.0
GNFT,2019-03-31,USD,2678500,2678500.0,0,0,-22969000.0,6201000.0,19449500.0,25647500.0,0,0,0,-2834500.0,0,0,0,0,-25710500.0,-144500.0,0,-25566000.0,0,-22969000.0,0,-25566000.0
GNLN,2019-03-31,USD,8986785,49897604.0,40910819,40910819,-5163541.0,13466000.0,0.0,14150326.0,0,-601880,-12665000,601880.0,0,-12489143,357000,684077,-17652684.0,11665,0,-17664349.0,0,-5163541.0,-4479464,-17664349.0
GNRS,2019-12-31,USD,0,0.0,0,0,-2200.0,0.0,0.0,0.0,0,0,0,0.0,0,0,0,0,-2200.0,0,0,0.0,0,0.0,0,-2200.0
GOED,2020-06-30,USD,2599873,15285031.0,12685158,12685158,-60230.0,2568313.0,0.0,15345261.0,0,-762919,1062,234908.0,0,0,0,0,-4705781.0,-688953,0,-4016828.0,0,-493571.0,0,-4016828.0
GP,2020-09-30,USD,883719,2835411.0,1951692,1951692,-836392.0,1346556.0,235699.0,3671803.0,0,-505589,0,505589.0,0,0,0,0,-1486160.0,0,0,-1486160.0,0,-863100.0,0,-1486160.0
GRAY,2020-09-30,USD,0,0.0,0,0,-6821000.0,2064000.0,4757000.0,6821000.0,0,3000,3000,0.0,0,0,0,0,-4716000.0,0,0,-4716000.0,0,-6725000.0,0,-4716000.0
GRCY,2020-06-30,USD,0,0.0,0,0,-1203.0,1203.0,0.0,1203.0,0,0,0,0.0,0,0,0,0,-1203.0,0,0,-1203.0,0,-1203.0,0,-1203.0
GRIL,2019-12-31,USD,-1615698,-337941.0,1277757,1415340,-883615.0,676032.0,0.0,2837404.0,0,-1615698,0,1615698.0,-3681248,-2841,74235,90318,-23010130.0,0,1615698,-23010130.0,-23010130,-883615.0,-793297,-23010130.0
GRNV,2019-12-31,USD,0,0.0,0,0,-107938.0,107938.0,0.0,107938.0,0,93286,93286,0.0,0,0,0,0,-16303.0,0,0,-12879.0,0,-107938.0,0,-12879.0
GSAH,2020-06-30,USD,0,0.0,0,0,-58661.0,58661.0,0.0,58661.0,0,0,0,0.0,0,0,0,0,-58661.0,-12262,0,-46399.0,0,-58661.0,0,-46399.0
GSX,2019-06-30,CNY,439600000.0,622834000.0,183234000.0,183234000.0,58953000.0,309077000.0,41128000.0,380647000.0,0,3990000,5106000,0.0,0,0,0,0,64683000.0,4539000.0,0,16374000.0,0,69928000.0,0,50265000.0
GTH,2020-06-30,CNY,64223000,101735000.0,37512000,37512000,-52876000.0,88524000.0,29845000.0,-1270000.0,0,-629000,198000,827000.0,0,0,0,0,-2832363000.0,0,0,-2832363000.0,0,-2831269000.0,0,-2832363000.0
HAPP,2019-09-30,USD,32247070,63936190.0,31689120,31689120,9822250.0,8242490.0,567253.0,10404190.0,0,0,-13050,-21443.0,0,0,0,0,9904450.0,740577,0,4211649.0,0,22217890.0,0,8423300.0
HARP,2018-12-31,USD,-7655000,1063000.0,8717000,8717000,-9869000.0,2215000.0,8717000.0,10932000.0,0,0,0,0.0,0,-8000,0,300000,-9731000.0,0,0,-9731000.0,-9732000,-9869000.0,-9569000,-9729000.0
HCDI,2020-09-30,USD,622600,7806500.0,7183900,7183900,-835600.0,0.0,0.0,8642100.0,0,-163900,0,163900.0,0,0,0,0,-1011900.0,-571600,0,-440300.0,0,-636200.0,0,-437100.0
HHR,2019-03-31,RUB,1198300000.0,1678400000.0,480200000.0,480200000.0,579793000.0,436500000.0,0.0,618400000.0,0,-141623000,26207000,167830000.0,0,0,0,0,415529000.0,176782000.0,0,238747000.0,0,387000000.0,0,209391000.0
HKIB,2019-06-30,HKD,286727894,196022160.0,25639284,25639284,258668974.0,28003280.0,0.0,53698204.0,0,-5433843,110927830,5417177.0,0,0,0,0,252684655.0,33013010.0,0,219671645.0,0,363612490.0,0,219671645.0
HOTH,2019-03-31,USD,0,0.0,0,0,-829370.0,621990.0,144750.0,829365.0,0,0,0,0.0,0,0,0,0,-829370.0,0,0,-829365.0,0,-829063.0,0,-829370.0
HRMY,2020-09-30,USD,37719000,45609000.0,7890000,7890000,10380000.0,23109000.0,4230000.0,35229000.0,0,-6946000,0,6946000.0,0,0,0,0,1909000.0,0,0,1909000.0,0,10822000.0,0,1909000.0
HUIZ,2019-12-31,CNY,97827000.0,258263000.0,160436000.0,160436000.0,-7757000.0,95904000.0,11825000.0,108172000.0,0,-1521000,115000,-75000.0,0,0,0,0,-7774000.0,-319000.0,0,-7545000.0,0,-6688000.0,0,-7545000.0
IBEX,2020-06-30,USD,31871000,100880000.0,69009000,69009000,2303000.0,15313000.0,0.0,8019000.0,0,-2238000,0,-4737000.0,0,0,0,0,-2972000.0,833000,0,-3805000.0,0,-1697000.0,0,-3805000.0
IGMS,2019-09-30,USD,-4323000,0.0,4323000,4323000,-10673000.0,2394000.0,8279000.0,10673000.0,0,0,0,0.0,0,0,0,0,-10172000.0,0,0,-10172000.0,0,-9313000.0,0,-10172000.0
IHRT,2019-06-30,USD,636448000,913320000.0,276872000,276872000,177619000.0,384061000.0,0.0,735701000.0,0,0,0,-69711000.0,0,0,0,0,9601122000.0,116292000,0,9484830000.0,0,177619000.0,0,11337317000.0
IH,2020-09-30,CNY,107555000,156902000.0,49347000,49347000,13541000.0,38149000.0,55865000.0,143361000.0,0,0,0,0.0,0,0,0,0,17370000.0,6737000,0,10633000.0,0,13541000.0,0,10633000.0
IMAB,2019-12-31,CNY,0,30000000.0,0,0,-333471000.0,654553000.0,262038000.0,333471000.0,0,7217000,7742000,525000.0,0,0,0,0,-348570000.0,0,0,-348570000.0,0,-1413367000.0,0,-348570000.0
IMNM,2020-09-30,USD,0,0.0,0,0,-2818000.0,1174000.0,1644000.0,2818000.0,0,-10000,0,10000.0,0,0,0,0,-8377000.0,0,0,-8377000.0,0,-2641000.0,0,-8377000.0
IMRA,2020-03-31,USD,0,0.0,0,0,-7352000.0,1559000.0,5793000.0,7352000.0,0,132000,132000,0.0,0,0,0,0,-7215000.0,0,0,-7215000.0,0,-7328000.0,0,-7215000.0
INBX,2020-09-30,USD,0,5901000.0,0,0,-15558000.0,1622000.0,19837000.0,21459000.0,0,-4428000,0,4428000.0,0,0,0,0,-20010000.0,0,0,-20497000.0,0,-15558000.0,0,-20497000.0
INDO,2019-12-31,USD,0,0.0,0,0,0.0,0.0,0.0,0.0,0,0,0,0.0,0,0,0,0,0.0,0,0,0.0,0,0.0,0,0.0
INMB,2018-12-31,USD,0,0.0,0,0,-1879935.0,1364649.0,515286.0,1879935.0,0,0,0,0.0,0,0,0,0,-1879935.0,0,0,-1879935.0,0,-1879935.0,0,-1879935.0
INMD,2019-06-30,USD,33922000,38797000.0,4875000,4875000,15727000.0,16611000.0,1584000.0,23070000.0,0,382000,382000,0.0,0,0,0,0,16109000.0,274000,0,15835000.0,0,15801000.0,0,15797000.0
INTZ,2020-09-30,USD,936000,1587000.0,652000,652000,-1407000.0,1265000.0,1081000.0,2357000.0,0,-2000,0,2000.0,1589000,0,0,11000,-1409000.0,0,2000,-1416000.0,-1416000,-1407000.0,-1396000,-1409000.0
INZY,2020-06-30,USD,0,0.0,0,0,-9548000.0,1671000.0,7877000.0,9548000.0,0,71000,71000,0.0,0,0,0,0,-9473000.0,0,0,-9473000.0,0,-9522000.0,0,-9473000.0
IPHA,2019-09-30,EUR,-21920455.07,37457689.4,59378144.45,59378144.45,-51296197.32,23194851.12,0.0,88753886.66,0,0,0,-6928386.9,0,0,0,0,-47770883.43,0,0,-47770883.43,0,-51296197.32,0,-47770883.43
ITOS,2020-06-30,USD,0,0.0,0,0,-7264000.0,2394000.0,6137000.0,-1081000.0,0,0,0,0.0,0,0,0,0,-7252000.0,-50000,0,-7202000.0,0,-7135000.0,0,-7202000.0
IVA,2020-06-30,USD,0,0.0,0,0,0.0,0.0,0.0,0.0,0,0,0,0.0,0,0,0,0,0.0,0,0,0.0,0,0.0,0,0.0
JAMF,2020-06-30,USD,48584000,62231000.0,13647000,13647000,4216000.0,26805000.0,11929000.0,44368000.0,0,-4690000,0,4690000.0,0,36000,0,0,-451000.0,-28000,0,-423000.0,0,4216000.0,0,-423000.0
JFIN,2019-03-31,CNY,612897000.0,731331000.0,118434000.0,118434000.0,294657000.0,220724000.0,53722000.0,318240000.0,0,-482000,-482000,-0.02,0,0,0,0,297694000.0,43479000.0,0,254215000.0,0,297212000.0,0,254215000.0
JIH,2019-09-30,USD,0,0.0,0,0,-1180.0,0.0,0.0,0.0,0,0,0,0.0,0,0,0,0,-1180.0,0,0,-1179.0,0,0.0,0,-1180.0
JMIA,2019-03-31,EUR,15666000.0,31842000.0,16176000.0,16176000.0,-45498000.0,40090000.0,16536545.87,61164000.0,0,-200000,-225000,800000.0,0,0,0,0,-45722000.0,100000.0,0,-45800000.0,0,-45160000.0,0,-45735000.0
JUPW,2020-09-30,USD,81727,178335.0,96608,96608,-568685.0,650412.0,0.0,747020.0,0,-38604,1068,39672.0,0,0,0,0,-607289.0,0,0,-607289.0,0,-520727.0,0,-607289.0
JWS,2020-03-31,USD,0,0.0,0,0,-3413.0,3413.0,0.0,3413.0,0,0,0,0.0,0,0,0,0,-3413.0,0,0,-3413.0,0,-3413.0,0,-3413.0
KBNT,2020-06-30,USD,0,91537.0,0,0,-1117700.0,658080.0,551157.0,1209237.0,0,-398120,0,398120.0,0,0,0,0,-1505320.0,0,0,-1505320.0,0,17676.0,0,-1505320.0
KC,2020-03-31,CNY,70771000,1390963000.0,1320192000,1320192000,-288824000.0,163945000.0,195650000.0,359595000.0,0,8211000,10095000,1884000.0,0,0,0,0,-325818000.0,5829000,0,-331647000.0,0,-357247000.0,0,-331341000.0
KRBP,2020-09-30,USD,0,0.0,0,0,-2415700.0,1190000.0,1225700.0,2415.7,0,0,0,0.0,0,0,0,0,-2415700.0,0,0,-2415700.0,0,-2365300.0,0,-2415700.0
KRKR,2019-09-30,CNY,55086000.0,130923000.0,75837000.0,75837000.0,-22781000.0,69172000.0,8695000.0,66413000.0,0,0,880000,0.0,0,0,0,0,-9985000.0,2383000.0,0,-12368000.0,0,-9367000.0,0,-11153000.0
KRON,2020-09-30,USD,0,0.0,0,0,-20809000.0,4054000.0,16755000.0,20809000.0,0,-3689000,200000,3889000.0,0,0,0,0,-39713000.0,0,0,-39713000.0,0,-35628000.0,0,-39713000.0
KROS,2020-03-31,USD,0,0.0,0,0,-10504000.0,1977000.0,8527000.0,10504000.0,0,-2000,-1492000,2000.0,0,0,0,0,-12064000.0,-172000,0,-11892000.0,0,-11999000.0,0,-11892000.0
KRTX,2019-06-30,USD,0,0.0,0,0,-15070000.0,8286000.0,6784000.0,15070000.0,0,-70000,452000,522000.0,0,0,0,0,-15140000.0,0,0,-15140000.0,0,-14606000.0,0,-15140000.0
LEGN,2020-06-30,USD,0,11600000.0,0,0,-56032000.0,14065000.0,53567000.0,67632000.0,0,-88000,0,88000.0,0,0,0,0,-134876000.0,0,0,-134876000.0,0,-134788000.0,0,-134876000.0
LESL,2020-09-30,USD,166635000,381313000.0,214678000,214678000,68048000.0,98587000.0,0.0,313265000.0,0,-18585000,0,18585000.0,0,0,0,0,49284000.0,7230000,0,42055000.0,0,61216925.0,0,42055000.0
LEVI,2019-02-24,USD,782808000,1416914000.0,651650000,651650000,200912000.0,581896000.0,0.0,581896000.0,0,-17544000,4011000,17544000.0,2621000,-1646000,0,0,181848000.0,35271000,17544000,146451000.0,146577000,200912000.0,0,146577000.0
LINX,2019-06-30,BRL,129234000.0,192651000.0,63417000.0,63417000.0,24411000.0,91130000.0,20113000.0,168240000.0,0,-1687000,6439000,5009000.0,0,0,0,0,15687000.0,3219000.0,0,12468000.0,0,52286000.0,0,12468000.0
LIVK,2019-12-31,USD,0,0.0,0,0,-103585.0,103585.0,0.0,103585.0,0,49785,49785,0.0,0,0,0,0,-67402.0,0,0,-67402.0,0,-103585.0,0,-67402.0
LIZI,2019-12-31,CNY,64443000.0,365278000.0,300835000.0,300835000.0,-28651000.0,43861000.0,52303000.0,96164000.0,0,37000,43000,0.0,0,0,0,0,-28950000.0,0,0,-28950000.0,0,-24886000.0,0,-28950000.0
LI,2020-06-30,CNY,259703000,1947238000.0,1687535000,1687535000,-176280000.0,234543000.0,201440000.0,2123518000.0,0,10242000,31538000,21296000.0,0,0,0,0,-75162000.0,0,0,-75162000.0,0,-137902000.0,0,-75162000.0
LMND,2020-06-30,USD,0,29900000.0,0,0,0.0,26100000.0,4200000.0,50600000.0,0,0,100000,0.0,0,0,0,0,-20700000.0,300000,0,-21000000.0,-20800000,0.0,0,-21000000.0
LMPX,2019-12-31,USD,247874,3032480.0,2784606,2784606,-648305.0,758051.0,0.0,-8344414.0,0,-23233,-23230,25206.0,0,0,0,0,-572195.0,0,0,-572195.0,0,-273426.0,0,-572195.0
LSPD,2020-09-30,USD,27505000,45493000.0,17988000,17988000,-18080000.0,27618000.0,12252000.0,63573000.0,0,-132000,556000,688000.0,0,0,0,0,-20778000.0,-1312000,0,-19466000.0,0,-14375000.0,0,-19466000.0
LTRN,2020-06-30,USD,0,0.0,0,0,-833422.0,676399.0,157023.0,833422.0,0,0,0,0.0,0,0,0,0,-833422.0,0,0,-833422.0,0,-832756.0,0,-833422.0
LU,2020-09-30,CNY,0,9805443000.0,0,0,5073563000.0,5432531000.0,0.0,0.0,0,766675000,2419021000,1652346000.0,0,0,0,0,3621391000.0,1464193000,0,2157198000.0,0,0.0,0,2184179000.0
LVGO,2019-06-30,USD,28003000,40886000.0,12883000,12883000,-14142000.0,31854000.0,10291000.0,55028000.0,0,0,0,0.0,0,0,0,0,-14239000.0,5000,0,-14244000.0,0,-12759000.0,0,-14244000.0
LXEH,2020-09-30,CNY,-3668795,19928837.0,23597632,23597632,-7954183.0,4285388.0,0.0,27883020.0,0,-420064,23991,444055.0,0,0,0,0,-3325317.0,0,0,-3325317.0,0,-2881262.0,0,-3325317.0
LYFT,2019-03-31,USD,313170000,776027000.0,462857000,650092000,-1156890000.0,651865000.0,630960000.0,1932917000.0,0,19654000,19654000,0.0,0,146000,0,0,-1137090000.0,1383000,0,-1138473000.0,-1136420000,-1156890000.0,0,-1138473000.0
LYRA,2020-03-31,USD,0,0.0,0,0,-4248000.0,1284000.0,2964000.0,4248000.0,0,16000,16000,0.0,0,0,0,0,-4232000.0,0,0,-4232000.0,0,-4240000.0,0,-4232000.0
MCFE,2020-09-30,USD,519000000,728000000.0,209000000,209000000,128000000.0,248000000.0,88000000.0,600000000.0,0,-73000000,0,73000000.0,0,0,0,0,12000000.0,12000000,0,0.0,0,205000000.0,0,0.0
MCMJ,2019-09-30,USD,0,0.0,0,0,-87.0,87.0,0.0,87.0,0,0,0,0.0,0,0,0,0,-87.0,0,0,-87.0,0,-87.0,0,-87.0
MDJH,2018-12-31,USD,860642,2408450.0,0,0,-564380.0,2960250.0,0.0,756044.0,0,0,26570,0.0,0,0,0,0,-537810.0,0,0,116517.0,0,104598.0,0,-515970.0
MDLA,2019-07-31,USD,60787000,95670000.0,34883000,34883000,-38452000.0,76546000.0,22693000.0,99239000.0,0,431000,431000,0.0,0,0,0,3500000,-37984000.0,300000,0,-38284000.0,-38914000,-38452000.0,-34952000,-38284000.0
MDWT,2020-12-31,USD,-796271,-831992.0,-35721,0,-17301306.0,2724146.0,0.0,11642594.0,2769847,0,0,0.0,-146185,0,12927,670233,-12474586.0,-560341,0,-11914245.0,-3227773,-17301306.0,-16631073,-11914245.0
MEC,2019-03-31,USD,19579000,143732000.0,124153000,124153000,6060000.0,8473000.0,0.0,137679000.0,0,-2832000,-2832000,2832000.0,0,0,4973000,0,3228000.0,769000,0,2460000.0,0,6060000.0,0,2459000.0
MEDS,2019-12-31,USD,1250297,1510993.0,445606,445606,-357093.0,1238870.0,0.0,1601306.0,0,-6410,-6410,6410.0,-5918861,46800,1250,0,-495203.0,0,184910,-310293.0,-495203,-357093.0,0,-495203.0
MEG,2020-06-30,USD,27877000,73766000.0,45889000,45889000,-3808000.0,23301000.0,0.0,78974000.0,0,-5260000,-6660000,5260000.0,0,0,0,0,11465000.0,-1759000,0,13224000.0,0,26509000.0,0,13224000.0
MIRM,2019-06-30,USD,0,0.0,0,0,-14034000.0,2445000.0,11589000.0,14034000.0,0,468000,468000,0.0,0,0,0,0,-13557000.0,0,0,-13557000.0,0,-13946000.0,0,-13557000.0
MITO,2019-03-31,USD,0,0.0,0,0,-41485000.0,4157000.0,14328000.0,18485000.0,0,-4475000,-1693000,4683000.0,0,0,0,0,-43178000.0,0,0,-43178000.0,0,-18277000.0,0,-43178000.0
MKD,2019-12-31,CNY,35120000,4062676000.0,4027556000,4027556000,-58595000.0,52043000.0,14535000.0,4121271000.0,0,-2192000,-2180000,-2193000.0,0,0,0,0,-59861000.0,465000,0,-60326000.0,0,-57937000.0,0,-60326000.0
MNPR,2019-12-31,USD,0,0.0,0,0,-1224895.0,641117.0,583778.0,1224895.0,0,18036,18036,0.0,0,0,0,0,-1206859.0,0,0,-1206859.0,0,-1224895.0,0,-1206859.0
MNRL,2019-03-31,USD,13149000,18265000.0,5116000,5116000,8707000.0,4442000.0,0.0,9558000.0,0,-3825000,-4510000,3825000.0,0,29000,0,0,4226000.0,190000,0,4195000.0,8707000,8707000.0,0,4036000.0
MNSO,2020-09-30,CNY,522376000,2072139000.0,1549763000,1549763000,19497000.0,538872000.0,0.0,2052642000.0,0,2070000,9170000,7100000.0,0,0,0,0,-1625359000.0,50976000,0,-1676335000.0,0,-1618259000.0,0,-1672619000.0
MOHO,2019-09-30,USD,18416000,74929000.0,56513000,56513000,2667000.0,15307000.0,442000.0,72262000.0,0,-719000,-574000,719000.0,0,0,0,0,2230000.0,308000,0,1922000.0,0,2804000.0,0,1977000.0
MORF,2019-06-30,USD,-8340000,5567000.0,13907000,13907000,-10417000.0,2077000.0,13907000.0,15984000.0,0,1119000,1119000,-34000.0,0,0,0,0,-9298000.0,135000,0,-9433000.0,0,-10218000.0,0,-9433000.0
MRVI,2020-12-31,USD,74958000,98353000.0,23395000,23395000,31245000.0,41621000.0,2092000.0,67108000.0,0,-8806000,0,8806000.0,0,0,0,0,14841000.0,369000,0,14472000.0,0,23647000.0,0,25209000.0
MTC,2018-12-31,USD,10570,26880.0,16310,16310,-1263300.0,1273870.0,0.0,645088.0,0,0,-17860,0.0,0,0,0,0,-1286750.0,0,0,-643376.0,0,-631647.0,0,-1286750.0
NBAC,2019-12-31,USD,0,0.0,0,0,-175.0,175.0,0.0,175.0,0,0,0,0.0,0,0,0,0,-175.0,0,0,-175.0,0,-175.0,0,-175.0
NBTX,2020-12-31,EUR,0,0.0,0,0,0.0,0.0,0.0,0.0,0,0,0,0.0,0,0,0,0,0.0,4000,0,0.0,0,0.0,0,0.0
NCNO,2020-07-31,USD,26178000,48765000.0,22587000,22587000,-15693000.0,26579000.0,15292000.0,64458000.0,0,55000,55000,0.0,0,0,0,0,-14521000.0,203000,0,-14724000.0,0,-13936000.0,0,-14646000.0
NET,2019-09-30,USD,57908000,73941000.0,16033000,16033000,-41086000.0,71131000.0,27863000.0,98994000.0,0,672000,672000,407000.0,0,-651000,7700000,0,-41065000.0,-212000,0,-40853000.0,-40846000,-41086000.0,0,-40853000.0
NFE,2018-12-31,USD,200000,31369000.0,31169000,27117000,-21960000.0,21310000.0,0.0,53329000.0,0,0,0,4859000.0,0,887000,1124000,1063000,-35466000.0,-737000,0,-34763000.0,-37849000,-21960000.0,-20897000,-34729000.0
NGMS,2020-12-31,USD,0,14007000.0,0,0,2856000.0,5648000.0,2342000.0,11151000.0,0,-1139000,0,1139000.0,0,0,0,0,1717000.0,737000,0,2494000.0,0,6017000.0,0,2494000.0
NKTX,2020-06-30,USD,0,0.0,0,0,-10355581.0,2493595.0,7861986.0,10355581.0,0,27176,27176,0.0,0,0,0,0,-51065117.0,0,0,-51065117.0,0,-10183414.0,0,-51065117.0
NNOX,2020-09-30,USD,0,0.0,0,0,-11062000.0,8956000.0,2106000.0,11062000.0,0,7000,0,0.0,0,0,0,0,-11055000.0,0,0,-11055000.0,0,-11062000.0,0,-11055000.0
NRIX,2020-08-31,USD,0,0.0,0,0,-19192000.0,4338000.0,18939000.0,23277000.0,0,675000,675000,0.0,0,0,0,600000,-18517000.0,0,0,-18517000.0,-18518000,-19192000.0,-18592000,-18517000.0
NUZE,2020-06-30,USD,-139077,191962.0,331039,331039,-2518024.0,0.0,0.0,2378947.0,0,-6448,0,6448.0,0,-16590,0,0,-2541062.0,0,6448,-2534614.0,-2531679,-2518024.0,0,-2541062.0
OCFT,2019-12-31,CNY,259845000.0,772923000.0,513078000.0,513078000.0,-535910000.0,468022000.0,314597000.0,13136000.0,0,-3819000,37880000,42114000.0,0,0,0,0,-588654000.0,49884000.0,0,-638538000.0,0,-500304000.0,0,-619375000.0
OLMA,2020-12-31,USD,0,0.0,0,0,-10131000.0,3842000.0,6289000.0,10131000.0,0,0,0,0.0,0,0,0,0,-10131000.0,0,0,-10131000.0,0,-10131000.0,0,-10131000.0
OM,2020-09-30,USD,-5126000,13756000.0,18882000,18882000,-40733000.0,26432000.0,9175000.0,54489000.0,0,-431000,0,431000.0,0,0,0,0,-42294000.0,0,0,-42294000.0,0,-40300000.0,0,-42294000.0
ONCR,2020-09-30,USD,0,0.0,0,0,-8900000.0,1973000.0,6927000.0,8900000.0,0,2000,2000,0.0,0,0,0,0,-19531000.0,0,0,-19531000.0,0,-8545000.0,0,-19531000.0
ONEW,2019-12-31,USD,32189000,153698000.0,121509000,121509000,2552000.0,28305000.0,0.0,150709000.0,0,-4512000,-4512000,4512000.0,0,-13000,0,760000,-1067000.0,0,0,-1067000.0,0,2552000.0,3312000,-1314000.0
OPRT,2019-09-30,USD,131093000,153880000.0,22383000,22383000,14415000.0,3886000.0,0.0,122032000.0,0,123773000,139272000,15499000.0,0,0,2300000,0,14429000.0,4400000,0,10029000.0,10037000,31444000.0,0,10029000.0
OPT,2020-09-30,AUD,0,0.0,0,0,0.0,0.0,0.0,0.0,0,0,0,0.0,0,0,0,0,0.0,-1761416,0,0.0,0,0.0,0,0.0
ORCC,2019-06-30,USD,123822000,131735000.0,52313000,52313000,119622000.0,4421000.0,0.0,2865000.0,0,137371000,171364000,33993000.0,0,0,0,0,124449000.0,-221000,0,124670000.0,0,156259000.0,0,124670000.0
ORIC,2020-03-31,USD,0,0.0,0,0,-9179000.0,1925000.0,7254000.0,9179000.0,0,241000,241000,0.0,0,0,0,0,-8872000.0,0,0,-8872000.0,0,-8929000.0,0,-8872000.0
ORPH,2020-09-30,DKK,0,0.0,0,0,0.0,0.0,0.0,0.0,0,0,0,0.0,0,0,0,0,0.0,33000,0,0.0,0,0.0,0,0.0
ORSN,2019-06-30,USD,0,0.0,0,0,-103.0,103.0,0.0,103.0,0,0,0,0.0,0,0,0,0,-103.0,0,0,-103.0,0,-103.0,0,-103.0
OSH,2020-06-30,USD,19396000,214382000.0,194986000,194986000,-24418000.0,41140000.0,0.0,238800000.0,0,-2448000,-2448000,2448000.0,0,0,0,0,-26844000.0,0,0,-26844000.0,0,-21722000.0,0,-26765000.0
OYST,2019-09-30,USD,0,0.0,0,0,-11897000.0,3809000.0,8088000.0,11897000.0,0,400000,400000,0.0,0,0,0,0,-11497000.0,0,0,-11497000.0,0,-11897000.0,0,-11497000.0
PACE,2020-09-30,USD,0,0.0,0,0,-19075.0,19075.0,0.0,19075.0,0,0,0,0.0,0,0,0,0,-19075.0,0,0,-19075.0,0,-19075.0,0,-19075.0
PBTS,2019-03-31,USD,2253054,6399598.0,4146544,4146544,-1186015.0,1873591.0,654912.0,7585613.0,0,0,0,-321920.0,0,0,0,0,-1487547.0,-45022,0,-1442525.0,0,-1186015.0,0,-1442525.0
PCVX,2020-06-30,USD,0,0.0,0,0,-20188000.0,3046000.0,18178000.0,-1036000.0,0,44000,44000,0.0,0,0,0,0,-20320000.0,0,0,-20320000.0,0,-19789000.0,0,-20320000.0
PFHD,2019-12-31,USD,0,8119000.0,0,0,0.0,5253000.0,0.0,0.0,0,7386000,10558000,3172000.0,0,0,0,0,1110000.0,122000,0,988000.0,0,0.0,0,988000.0
PHR,2019-07-31,USD,19505290,-30932300.0,11310878,11310878,-4140367.0,15540316.0,4689990.0,34956535.0,0,-745205,35795,781000.0,0,327421,2136245,0,-7442002.0,51189,0,-7493191.0,0,-4140367.0,0,-7493191.0
PINE,2019-12-31,USD,2906280,3804820.0,898540,898540,700770.0,606520.0,0.0,3104053.0,0,0,-41230,-41230.0,0,0,0,0,659540.0,0,0,659539.0,0,700769.0,0,665600.0
PING,2019-09-30,USD,47525000,61765000.0,14240000,14240000,3379000.0,28803000.0,11283000.0,44146000.0,0,-3818000,-3818000,3818000.0,0,-992000,700000,4060000,-4595000.0,-4000000,0,-595000.0,-705000,3379000.0,7439000,-595000.0
PLIN,2019-06-30,USD,9001220,102545150.0,93543930,93543930,5534520.0,3466700.0,0.0,22138276.0,0,0,-977860,-141577.0,0,0,0,0,4577240.0,-133057,0,1613754.0,0,1681316.0,0,4363590.0
PLMR,2019-03-31,USD,-13837000,22307000.0,36144000,36144000,-13837000.0,0.0,0.0,36573000.0,960000,-429000,-429000,429000.0,0,0,0,0,-14266000.0,145000,0,-14411000.0,-12224000,-13837000.0,0,-14411000.0
PLTR,2020-09-30,USD,140026000,289366000.0,149340000,149340000,-847777000.0,673888000.0,313915000.0,987803000.0,0,-1591000,494000,2085000.0,0,-3293000,2500000,0,-861862000.0,-8543000,0,-853319000.0,-853051000,-847777000.0,0,-853319000.0
PRAX,2020-09-30,USD,0,0.0,0,0,-16217000.0,3431000.0,12786000.0,16217000.0,0,1000,1000,0.0,0,0,0,0,-16216000.0,0,0,-16216000.0,0,-16207000.0,0,-16216000.0
PRFX,2020-09-30,USD,0,0.0,0,0,0.0,0.0,0.0,0.0,0,0,0,0.0,0,0,0,0,0.0,110000,0,0.0,0,0.0,0,0.0
PRLD,2020-09-30,USD,0,0.0,0,0,-18144000.0,2851000.0,15293000.0,18144000.0,0,0,0,0.0,0,0,0,0,-16760000.0,0,0,-16760000.0,0,-18002000.0,0,-16760000.0
PROS,2019-06-30,USD,47464000,220112000.0,172648000,172648000,14266000.0,26028000.0,0.0,207850000.0,0,-3147000,-3147000,3147000.0,0,0,0,0,11041000.0,2423000,0,8696000.0,32025000,14188000.0,0,8618000.0
PRVL,2019-06-30,USD,0,0.0,0,0,-15668000.0,3713000.0,11955000.0,15668000.0,0,565000,565000,0.0,0,0,0,0,-15103000.0,0,0,-15103000.0,0,-15046825.0,0,-15103000.0
PSNL,2019-06-30,USD,-24927000,-15004000.0,9923000,9923000,-4061000.0,5466000.0,4497000.0,19886000.0,0,-545000,200000,745000.0,0,-1261000,0,0,-5867000.0,2000,0,-5869000.0,-5884000,-4061000.0,0,-5869000.0
PTK,2020-06-30,USD,0,0.0,0,0,-98230.0,98230.0,0.0,98230.0,0,0,0,0.0,0,0,0,0,-98230.0,0,0,-98230.0,0,-98230.0,0,-98230.0
PTON,2019-09-30,USD,105100000,228000000.0,122900000,122900000,-50900000.0,138500000.0,17400000.0,156000000.0,0,1300000,1300000,0.0,0,-100000,0,0,-49700000.0,100000,0,-49800000.0,-51100000,-50900000.0,0,-49800000.0
PTVE,2020-09-30,USD,184000000,1457000000.0,1011000000,1011000000,-31000000.0,116000000.0,0.0,1171000000.0,0,-80000000,3000000,68000000.0,1210000000,1000000,58000000,0,-317000000.0,42000000,0,-143000000.0,-293000000,-31000000.0,0,-359000000.0
PUBM,2020-12-31,USD,44792000,56242000.0,11450000,11450000,22206000.0,19616000.0,2970000.0,34036000.0,0,0,0,0.0,0,0,0,0,21688000.0,2863000,0,18825000.0,0,26375000.0,0,18825000.0
PUYI,2019-03-31,USD,30467500,39490500.0,9023000,9023000,1853500.0,28614000.0,0.0,37637000.0,0,0,0,0.0,0,0,0,0,3459500.0,241500,0,3218000.0,0,1853500.0,0,3518000.0
PYPD,2020-06-30,USD,0,0.0,0,0,-7272000.0,2933000.0,4339000.0,7272000.0,0,-9721000,0,0.0,0,0,0,0,-16993000.0,0,0,-16993000.0,0,-7272000.0,0,-16993000.0
QH,2020-06-30,CNY,60353000,547577000.0,487224000,487224000,28134000.0,29487000.0,2732000.0,519443000.0,0,-1969000,254000,2223000.0,0,0,0,0,31198000.0,11518000,0,19680000.0,0,31989000.0,0,20660000.0
QK,2019-09-30,CNY,-15675000,335832000.0,351507000,351507000,-87818000.0,65461000.0,8649000.0,-1967000.0,0,-24007000,1607000,25616000.0,0,0,0,0,-125113000.0,23000,0,-125136000.0,0,-30314000.0,0,-125116000.0
RBKB,2018-12-31,USD,8594000,8594000.0,525000,0,6119000.0,1797000.0,0.0,2459000.0,0,7521000,9241000,1720000.0,1551000,0,0,291000,1667000.0,469000,1720000,1198000.0,2264000,6119000.0,6410000,1198000.0
REAL,2019-06-30,USD,46050000,72209000.0,26159000,24926000,-25340000.0,25355000.0,0.0,71390000.0,0,230000,610000,380000.0,0,-1706000,0,3200000,-26816000.0,59000,0,-26875000.0,-26873000,-25340000.0,-22140000,-26875000.0
REYN,2019-12-31,USD,263000000,835000000.0,572000000,572000000,158000000.0,74000000.0,0.0,677000000.0,0,-35000000,0,35000000.0,0,0,0,28000000,122000000.0,32000000,0,158000000.0,86000000,157000000.0,185000000,90000000.0
RICE,2020-09-30,USD,0,0.0,0,0,0.0,0.0,0.0,0.0,0,0,0,0.0,0,0,0,0,0.0,0,0,0.0,0,0.0,0,0.0
RKT,2020-06-30,USD,0,4441698000.0,0,0,4021973000.0,1344442000.0,0.0,0.0,0,-8885000,-159491000,86924000.0,0,0,0,0,3585809000.0,21944000,0,3461211000.0,0,0.0,0,3461647000.0
RLAY,2020-06-30,USD,0,0.0,0,0,-27719000.0,6053000.0,21666000.0,27719000.0,0,998000,998000,0.0,0,0,0,0,-26724000.0,0,0,-26724000.0,0,-26854000.0,0,-26724000.0
RMBI,2019-06-30,USD,7897381,7897381.0,485000,0,6807347.0,1090034.0,0.0,1090034.0,0,7482476,10398501,2916025.0,899905,0,0,225093,293425.0,-41700,2916025,-754909.0,1890689,6807347.0,7032440,335125.0
RNLX,2020-06-30,USD,0,0.0,0,0,0.0,4116000.0,0.0,0.0,0,0,0,0.0,0,0,0,0,0.0,-1360000,0,0.0,0,0.0,0,0.0
ROOT,2020-09-30,USD,0,50500000.0,0,0,0.0,66400000.0,0.0,116200000.0,0,-19500000,1200000,19500000.0,0,0,0,0,-85200000.0,0,0,-85200000.0,-85100000,0.0,0,-85200000.0
RPLA,2019-03-31,USD,0,0.0,0,0,-13740.0,13740.0,0.0,13739.0,0,0,0,0.0,0,0,0,0,-13740.0,0,0,-13739.0,0,-13739.0,0,-13740.0
RPRX,2020-06-30,USD,510932000,510932000.0,0,0,409346000.0,42799000.0,5776000.0,98276000.0,2724000,-31465000,2724000,34189000.0,0,261000,0,0,601976000.0,1624000,0,601976000.0,447399000,409346000.0,0,442074000.0
RPTX,2020-06-30,USD,0,0.0,0,0,-12323000.0,3372000.0,8951000.0,12323000.0,0,0,0,0.0,0,0,0,0,-11732000.0,70000,0,-11802000.0,0,-12711000.0,0,-11802000.0
RTLR,2019-06-30,USD,58666000,111774000.0,53108000,53108000,55602000.0,3068000.0,0.0,56172000.0,0,-85000,-199000,85000.0,0,-114000,10158000,10158000,55403000.0,8724000,0,46679000.0,0,55602000.0,65760000,4803000.0
RUHN,2019-03-31,CNY,84263000.0,228249000.0,143986000.0,143986000.0,-34082930.0,118360000.0,0.0,271339783.0,0,197190,7759450,0.0,0,0,0,0,-26323480.0,933470.0,0,-27419705.0,0,-6474000.0,0,-28095860.0
RXT,2020-06-30,USD,241900000,656500000.0,414600000,414600000,22700000.0,219200000.0,0.0,633800000.0,0,-68900000,0,68900000.0,0,300000,0,0,-44900000.0,-12300000,0,-32600000.0,-36800000,22700000.0,0,-32600000.0
SCPE,2019-06-30,USD,0,0.0,0,0,-70.0,70.0,0.0,70.0,0,0,0,0.0,0,0,0,0,-70.0,0,0,-70.0,0,-70.0,0,-70.0
SDC,2019-09-30,USD,138750000,180185000.0,41435000,39125000,-382341000.0,521091000.0,0.0,562526000.0,0,-4291000,-4291000,4291000.0,0,-421000,0,0,-87817000.0,479000,0,-387564000.0,0,-382341000.0,0,-88296000.0
SDGR,2019-12-31,USD,15527000,25832000.0,10305000,10305000,-7847000.0,12292000.0,11082000.0,23374000.0,0,415000,415000,0.0,0,0,893000,0,-6798000.0,-29000,0,-7145000.0,-6777000,-7847000.0,0,-6769000.0
SFTW,2019-09-30,USD,-1061,0.0,1061,1061,-1061.0,1061.0,0.0,1061.0,0,0,0,0.0,0,0,0,0,-1061.0,0,0,-1061.0,0,-1061.0,0,-1061.0
SGTX,2020-12-31,USD,0,3756000.0,0,0,-14086000.0,3505000.0,14337000.0,17842000.0,0,-461000,44000,505000.0,0,0,0,0,-15189000.0,0,0,-15189000.0,0,-14458000.0,0,-15189000.0
SHC,2020-12-31,USD,120577000,216845000.0,96268000,96268000,52381000.0,53156000.0,0.0,164464000.0,0,-48117000,0,48117000.0,0,0,0,0,-35078000.0,8308000,0,-43386000.0,0,49444000.0,0,-43680000.0
SITM,2019-12-31,USD,13448000,28089000.0,14641000,14641000,1030000.0,6469000.0,5949000.0,12418000.0,0,-394000,-394000,394000.0,0,-12000,900000,0,624000.0,-9000,0,633000.0,0,1030000.0,0,633000.0
SLGG,2019-03-31,USD,175000,249000.0,74000,74000,-6136000.0,5601000.0,1155000.0,6311000.0,0,-9938000,-187000,2871000.0,0,-9933000,0,335000,-16069000.0,0,0,-16069000.0,0,-6136000.0,-5801000,-16069000.0
SNDL,2019-06-30,CAD,19270000.0,19299000.0,29000.0,29000.0,-4067000.0,21433000.0,1756000.0,23366000.0,0,-8083000,-7888000,5369000.0,0,0,0,0,-12350000.0,-923073.96,0,-12350000.0,0,-5280000.0,0,-12322000.0
SNOW,2020-09-30,USD,92943000,159624000.0,66681000,66681000,-169454000.0,188259000.0,74138000.0,329078000.0,0,1517000,1517000,0.0,0,0,0,0,-168456000.0,433000,0,-168889000.0,0,-166605000.0,0,-168889000.0
SOAC,2020-03-31,USD,0,0.0,0,0,-58999.0,58999.0,0.0,58999.0,0,0,0,0.0,0,0,0,0,-58999.0,0,0,-58999.0,0,-58999.0,0,-58999.0
SONM,2019-03-31,USD,9021000,26484000.0,17463000,17463000,-4142000.0,6202000.0,6961000.0,13163000.0,0,-422000,-422000,422000.0,0,-265000,0,0,-4829000.0,295000,0,-6206000.0,0,-4142000.0,0,-5124000.0
SPNV,2020-09-30,USD,0,0.0,0,0,0.0,0.0,0.0,0.0,0,0,0,0.0,0,0,0,0,0.0,0,0,0.0,0,0.0,0,0.0
SPRB,2020-09-30,USD,0,0.0,0,0,-9559000.0,1790000.0,7769000.0,9559000.0,0,-79000,0,79000.0,0,0,0,0,-9587000.0,0,0,-9587000.0,0,-9500000.0,0,-9587000.0
SQFT,2020-09-30,USD,5663568,5663568.0,0,2108621,-5265422.0,1366380.0,0.0,5101918.0,0,-2143960,0,2143960.0,332714,-12270,0,1626917,-1625643.0,122602,2143960,-7697919.0,-1384468,-5265422.0,-3638505,-1748245.0
SQZ,2020-09-30,USD,6121,6121000.0,0,0,-12401000.0,4612000.0,13910000.0,18522000.0,0,56000,56000,0.0,0,-6000,0,0,-12351000.0,0,0,-12351000.0,0,-12401000.0,0,-12351000.0
SSPK,2019-06-30,USD,0,0.0,0,0,-5000.0,133620.0,0.0,0.0,0,0,0,0.0,0,0,0,0,-5000.0,0,0,-5000.0,0,0.0,0,-5000.0
STEP,2020-09-30,USD,-35291000,-61413000.0,-26122000,-26122000,110030000.0,10770000.0,0.0,132883000.0,0,-5105000,165000,5270000.0,0,0,0,0,109250000.0,881000,0,108369000.0,0,-44593000.0,0,-790000.0
STPK,2020-09-30,USD,0,0.0,0,0,-392916.0,243883.0,0.0,392916.0,0,0,0,0.0,0,0,0,0,-374402.0,0,0,-374402.0,0,-411430.0,0,-374402.0
SUMO,2020-10-31,USD,38267000,51868000.0,13601000,13601000,-22897000.0,15507000.0,18753000.0,61164000.0,0,-612000,0,290000.0,0,0,400000,0,-23509000.0,417000,0,-23926000.0,-23977000,-22897000.0,0,-23926000.0
SWTX,2019-09-30,USD,0,0.0,0,0,-15329000.0,4584000.0,10745000.0,15329000.0,0,997000,997000,0.0,0,0,0,0,-16833000.0,0,0,-16833000.0,0,-15266000.0,0,-16833000.0
SXTC,2018-12-31,USD,2678690,3917710.0,1239020,1239020,222619.0,2842040.0,0.0,2842040.0,0,0,0,-3338.0,0,0,0,0,233345.0,-40087,0,273432.0,0,1328960.0,0,273432.0
SYTA,2020-09-30,CAD,966681,3013957.0,2047000,2047000,-1697051.0,2207750.0,0.0,4710732.0,0,-645673,0,0.0,0,0,0,0,-2507307.0,0,0,-2507307.0,0,-1216939.0,0,-2506798.0
SY,2019-03-31,CNY,169636000.0,206053000.0,36417000.0,36417000.0,37965000.0,100326000.0,31345000.0,131671000.0,0,5451000,14027000,0.0,0,0,0,0,52932000.0,7027000.0,0,45905000.0,0,66959000.0,0,45905000.0
TARS,2020-09-30,USD,0,0.0,0,0,-10141000.0,2150000.0,7991000.0,10141000.0,0,4000,0,0.0,0,0,0,0,-10137000.0,1000,0,-10138000.0,0,-10061000.0,0,-10138000.0
TCRR,2019-03-31,USD,0,0.0,0,0,-10775000.0,2886000.0,7889000.0,10775000.0,0,872000,872000,0.0,0,872000,0,0,-9903000.0,0,0,-9903000.0,0,-10640000.0,0,-9903000.0
TCRR,2018-12-31,USD,0,0.0,0,0,-8441000.0,4918000.0,3523000.0,8441000.0,0,0,0,0.0,0,0,0,0,-7690000.0,0,0,-7690000.0,0,-8441000.0,0,-7690000.0
THBR,2019-06-30,USD,0,0.0,0,0,-26355.0,26355.0,0.0,26355.0,0,0,0,0.0,0,0,0,0,-26355.0,0,0,-26355.0,0,-26355.0,0,-26355.0
THCA,2019-06-30,USD,0,0.0,0,0,-29.0,29.0,0.0,29.0,0,0,0,0.0,0,0,0,0,-29.0,0,0,-29.0,0,-29.0,0,-29.0
THCB,2019-03-31,USD,-70042,0.0,70042,70042,-70040.0,0.0,0.0,70042.0,0,409539,428680,0.0,0,0,0,0,358640.0,75314,0,283325.0,0,-70042.0,0,283330.0
THRY,2020-09-30,USD,152978000,240325000.0,87347000,87347000,22573000.0,94951000.0,0.0,217752000.0,0,-15609000,0,15609000.0,0,0,0,0,-24395000.0,-24250000,0,-145000.0,0,27852000.0,0,-145000.0
TIGR,2019-03-31,USD,17556340,19969920.0,2413580,2413580,-3993230.0,13709650.0,0.0,14210847.0,0,195108,564380,208721.0,0,0,0,0,-3428800.0,-1083313,0,-2345489.0,0,-1591830.0,0,-2874270.0
TIG,2020-06-30,USD,0,24429000.0,0,0,0.0,8316000.0,0.0,-40000.0,0,-501000,7000,501000.0,0,0,0,0,3469000.0,979000,0,3720000.0,0,0.0,0,3720000.0
TMDX,2019-03-31,USD,2573000,4676000.0,2103000,2103000,-5962000.0,4653000.0,3882000.0,8535000.0,0,-1093000,0,1093000.0,0,-103000,0,0,-6885000.0,10000,0,-6895000.0,-6861000,-5962000.0,0,-6895000.0
TPGY,2020-09-30,USD,0,0.0,0,0,-14183.0,14183.0,0.0,14183.0,0,0,0,0.0,0,0,0,0,-14183.0,0,0,-14183.0,0,-14183.0,0,-14183.0
TRVI,2019-03-31,USD,0,0.0,0,0,-4812000.0,1474000.0,3338000.0,4812000.0,0,58000,6000,0.0,0,0,0,0,-4806000.0,-4000,0,-4802000.0,0,-4797000.0,0,-4802000.0
TSHA,2020-09-30,USD,0,0.0,0,0,-15041000.0,3984000.0,11057000.0,15041000.0,0,-1000,0,1000.0,0,0,0,0,-15042000.0,0,0,-15042000.0,0,-15041000.0,0,-15042000.0
TUFN,2019-03-31,USD,18416000,22454000.0,4038000,4038000,-4275000.0,16188000.0,6503000.0,22691000.0,0,40000,40000,-277000.0,0,0,0,0,-4235000.0,213000,0,-4448000.0,0,-4458000.0,0,-4448000.0
TW,2019-03-31,USD,176752000,201617000.0,10040000,10040000,46277000.0,96678000.0,0.0,140515000.0,0,858000,858000,0.0,0,0,0,0,47135000.0,4783000,0,42352000.0,0,0.0,0,42352000.0
TXG,2019-09-30,USD,45727000,61207000.0,15480000,15480000,-9096000.0,32614000.0,22209000.0,54823000.0,0,-227000,481000,708000.0,0,-272000,0,0,-9595000.0,8000,0,-9603000.0,-9729000,-9096000.0,0,-9603000.0
UBER,2019-03-31,USD,984000000,3099000000.0,2115000000,2115000000,-1034000000.0,1463000000.0,409000000.0,4133000000.0,0,-173000000,17000000,217000000.0,0,26000000,0,0,-993000000.0,19000000,0,-1016000000.0,-1070000000,-1034000000.0,0,-1012000000.0
UCL,2020-06-30,USD,5487000,21026000.0,15539000,15539000,-41574000.0,33517000.0,13544000.0,-54000.0,0,-91000,15000,106000.0,0,0,0,0,-41611000.0,6000,0,-41617000.0,0,-41505000.0,0,-41617000.0
UPST,2020-12-31,USD,0,77715000.0,0,0,0.0,62166000.0,0.0,0.0,0,2289000,2289000,0.0,0,0,0,0,1398000.0,371000,0,1027000.0,0,0.0,0,1027000.0
VIAO,2020-09-30,EUR,6400000,43600000.0,37200000,37200000,1700000.0,4500000.0,400000.0,41900000.0,0,-300000,0,0.0,0,0,0,0,1400000.0,0,0,1400000.0,0,1700000.0,0,1400000.0
VIRI,2020-12-31,USD,0,0.0,0,0,-6421652.0,6389582.0,32070.0,6421652.0,0,0,0,0.0,0,0,0,0,-6501228.0,0,0,-6501228.0,0,-6421652.0,0,-6501228.0
VIR,2019-09-30,USD,-38460000,1403000.0,39863000,39863000,-47681000.0,9220000.0,39863000.0,49083000.0,0,2012000,2012000,0.0,0,-2659000,0,0,-48327000.0,-13000,0,-48314000.0,-48473000,-47681000.0,0,-48314000.0
VIST,2019-06-30,USD,27423000,120361000.0,92938000,92938000,7181000.0,19840000.0,0.0,113180000.0,0,-7694000,252000,7500000.0,0,0,0,0,2397000.0,-1305000,0,3702000.0,0,54171000.0,0,3702000.0
VITL,2020-06-30,USD,22698000,59341000.0,36643000,36643000,9062000.0,13636000.0,0.0,50279000.0,0,-97000,0,97000.0,0,0,0,0,8784000.0,2848000,0,5936000.0,0,9379000.0,0,5964000.0
VSTA,2020-06-30,BRL,71811000,120233000.0,48422000,48422000,-53076000.0,126063000.0,0.0,-1176000.0,0,-28294000,3567000,31861000.0,0,0,0,0,-82634000.0,-27696000,0,-54938000.0,0,-5975000.0,0,-54938000.0
VTRU,2020-09-30,BRL,53100000,109400000.0,56300000,56300000,16600000.0,35800000.0,0.0,700000.0,0,-6800000,5800000,12600000.0,0,0,0,0,3300000.0,13414000,0,4000000.0,0,35531000.0,0,4000000.0
WAFU,2019-03-31,USD,986310,2500200.0,1513890,1513890,-1515170.0,2023960.0,0.0,2023970.0,0,0,52120,0.0,0,0,0,0,-1461990.0,-109947,0,-621048.0,0,-878380.0,0,-1090370.0
WIMI,2020-03-31,CNY,26403415,85417950.0,0,0,0.0,8185967.0,0.0,0.0,0,0,0,0.0,0,0,0,0,0.0,490829,0,0.0,0,0.0,0,0.0
WISH,2020-12-31,USD,452000000,794000000.0,342000000,342000000,-511000000.0,813000000.0,150000000.0,1305000000.0,0,-2000000,0,0.0,0,0,0,0,-568000000.0,1000000,0,-569000000.0,0,-508000000.0,0,-569000000.0
WMG,2020-06-30,USD,483000000,1010000000.0,527000000,527000000,-433000000.0,869000000.0,0.0,916000000.0,0,-32000000,0,32000000.0,3316000000,-3000000,15000000,47000000,-469000000.0,51000000,0,-519000000.0,-505000000,-433000000.0,-386000000,-520000000.0
WORK,2019-07-31,USD,113867000,144973000.0,31106000,31106000,-363650000.0,259748000.0,217769000.0,477517000.0,0,4165000,4165000,208000.0,0,0,5800000,0,-360462000.0,-900000,0,-359616000.0,-359603000,-363650000.0,0,-359562000.0
WSG,2019-06-30,EUR,104404000.0,283802000.0,179398000.0,179398000.0,41723000.0,53699000.0,0.0,78670000.0,0,-15842000,321000,16163000.0,0,0,0,0,25734000.0,1169000.0,0,24565000.0,0,24615000.0,0,23446000.0
WTRE,2019-03-31,USD,60216000,146686000.0,144824000,144824000,52976000.0,13040000.0,0.0,151472000.0,0,43141000,-437000,-2841000.0,0,0,0,0,52539000.0,0,0,52539000.0,0,52021000.0,0,52539000.0
XPEV,2020-09-30,CNY,91541000,1990119000.0,1898578000,1898578000,-1744184000.0,1203792000.0,635373000.0,3734303000.0,0,19290000,23216000,3926000.0,0,0,0,0,-1148755000.0,6000,0,-1148761000.0,0,-1765038000.0,0,-1148761000.0
XP,2019-12-31,BRL,767579000,1254672000.0,487093000.0,487093000.0,168393000.0,670138000.0,0.0,-82051000.0,0,-51198000,-21769000,21769000.0,0,0,0,0,547165000.0,156979000.0,0,390186000.0,0,168107000.0,0,381186000.0
YALA,2020-09-30,USD,8217837,33826313.0,25608476,25608476,-30897309.0,37424976.0,1698495.0,64723622.0,0,22199,22199,0.0,0,0,0,0,-30871164.0,109112,0,-30980276.0,0,-30901255.0,0,-30980276.0
YJ,2019-03-31,CNY,654518000.0,3385555000.0,2731037000.0,2731037000.0,168000.0,654350000.0,0.05,3385387000.0,0,14921000,9659000,-0.01,0,0,0,0,20387000.0,2265000.0,0,16862000.0,0,5430000.0,0,14745000.0
YQ,2020-12-31,CNY,313219000,486787000.0,173568000,173568000,-363155000.0,484235000.0,192139000.0,849942000.0,0,2791000,2875000,84000.0,0,0,0,0,-365059000.0,0,0,-365059000.0,0,-364975000.0,0,-365059000.0
YSG,2020-12-31,CNY,1301010000,1961598000.0,660588000,660588000,-1533852000.0,2809252000.0,25610000.0,3495450000.0,0,5292000,5292000,0.0,0,0,0,0,-1532857000.0,-1653000,0,-1531204000.0,0,-1533852000.0,0,-1530596000.0
ZCMD,2020-03-31,USD,2810746,4231125.0,0,0,0.0,1668508.0,0.0,0.0,0,0,0,0.0,0,0,0,0,0.0,261240,0,0.0,0,0.0,0,0.0
ZGYH,2019-12-31,USD,0,0.0,0,0,0.0,0.0,0.0,0.0,0,0,0,0.0,0,0,0,0,0.0,0,0,0.0,0,1100150.0,0,0.0
ZNTL,2020-03-31,USD,0,0.0,0,0,-16399000.0,3141000.0,13258000.0,16399000.0,0,164000,164000,0.0,0,0,0,0,-16235000.0,0,0,-16235000.0,0,-16361000.0,0,-16126000.0
