symbol,fiscaldate_end,reported_currency,operating_cashflow,payments_foroperating_activities,proceeds_fromoperating_activities,changein_operating_liabilities,changein_operating_assets,dpr_depletion_amort,capital_expenditures,changein_receivables,changein_inventory,profit_loss,cashflow_frominvestment,cashflow_fromfinancing,proceeds_fromrepayment_shortterm_debt,payments_forrepurchase_commonstock,payments_forrepurchase_equity,payments_forrepurchase_preferredstock,div_payout,div_payout_commonstock,div_payout_preferredstock,proceedsFromIssuanceOfCommonStock,proceeds_fromissuance_longterm_debtcapital_secnet,proceeds_fromissuance_preferredstock,proceeds_fromrepurchase_equity,proceeds_fromsale_treasurystock,changein_cash_cashequivalents,changein_exchangerate,netincome
AAAP,2015-09-30,USD,0.0,0,0,0,0,0.0,8317000.0,0,0.0,0,0.0,21153000.0,0,0,0,0,0.0,0.0,0,0,0,0,0.0,0,0,0,0.0
AAC,2014-09-30,USD,5796000.0,0,0,0,0,0.0,12021000.0,0,0.0,0,0.0,12326000.0,0,0,0,0,-79000.0,-79000.0,0,0,0,0,0.0,0,0,0,2458000.0
ACAMU,2019-03-31,USD,-168680.0,0,0,0,0,0.0,0.0,0,0.0,0,-300000000.0,302379760.0,0,0,0,0,0.0,0.0,0,0,0,0,294000000.0,0,0,0,406170.0
ACIU,2016-09-30,USD,8474000.0,0,0,0,0,59000.0,306000.0,0,0.0,0,-306000.0,68100000.0,0,0,0,0,0.0,0.0,0,0,0,0,0.0,0,0,0,-9102000.0
ACI,2020-06-20,USD,2091900000.0,63500000,0,733100000,-63100000,0.0,0.0,4700000,-67800000.0,586200000,-399400000.0,-106900000.0,0,1680000000,1680000000,0,0.0,0.0,0,0,2000000000,0,0.0,0,1585600000,0,586200000.0
ACLI,2005-09-30,USD,10357000.0,0,0,0,0,0.0,26129000.0,0,0.0,0,0.0,0.0,0,0,0,0,0.0,0.0,0,0,0,0,0.0,0,0,0,3506000.0
ACMR,2017-09-30,USD,-4661000.0,0,0,0,0,0.0,123000.0,3129000,3744000.0,-1282000,-8486000.0,20006000.0,0,0,0,0,0.0,0.0,0,0,0,0,15300000.0,0,3868000,31000,-955000.0
ACOM,2009-09-30,USD,51765000.0,0,0,0,0,0.0,7566000.0,0,0.0,0,0.0,0.0,0,0,0,0,0.0,0.0,0,0,0,0,0.0,0,0,0,4041000.0
ADHD,2013-06-30,USD,0.0,0,0,0,0,0.0,3000.0,0,0.0,0,0.0,22035000.0,0,0,0,0,0.0,0.0,0,0,0,0,0.0,0,0,0,0.0
ADILW,2018-06-30,USD,-188940.0,0,0,0,0,0.0,0.0,0,0.0,-1792356,0.0,0.0,0,0,0,0,0.0,0.0,0,0,0,0,0.0,0,96059,0,-1792356.0
ADIL,2018-06-30,USD,-188940.0,0,0,0,0,140.0,0.0,0,0.0,-1792356,35117.0,284999.0,0,0,0,0,0.0,0.0,0,0,0,0,0.0,0,96059,0,-1792356.0
ADNC,2012-03-31,USD,3795000.0,0,0,0,0,0.0,700000.0,0,0.0,0,0.0,0.0,0,0,0,0,0.0,0.0,0,0,0,0,0.0,0,0,0,4169000.0
ADSW,2016-09-30,USD,87300000.0,0,0,-5700000,200000,64000000.0,124200000.0,-1300000,0.0,3800000,-54100000.0,-33900000.0,0,0,0,0,0.0,0.0,0,0,32000000,0,0.0,0,-700000,0,3700000.0
AFCO,2015-09-30,USD,2888000.0,0,0,0,0,0.0,0.0,0,0.0,0,0.0,25341000.0,0,0,0,0,-1392000.0,-1392000.0,0,0,0,0,0.0,0,0,0,0.0
AFYA,2019-06-30,BRL,51078000.0,0,0,0,0,19387000.0,11745000.0,0,976000.0,0,-186796000.0,-41135000.0,0,0,0,0,-10.92,-10.92,0,0,0,0,0.0,0,0,0,16317000.0
AGAM,2009-09-30,USD,6824000.0,0,0,0,0,0.0,7511000.0,0,2108000.0,0,0.0,28206000.0,0,0,0,0,0.0,0.0,0,0,0,0,0.0,0,0,0,2187000.0
AGS,2017-12-31,USD,-56732000.0,0,0,6118000,6428000,18051000.0,12624000.0,-1301000,1183000.0,-8520000,-71122000.0,40884000.0,0,0,0,0,0.0,0.0,0,0,0,0,0.0,0,-86964000,6000,-8520000.0
AHPAU,2016-09-30,USD,-24486.0,0,0,0,0,0.0,0.0,0,0.0,0,0.0,70258.0,0,0,0,0,0.0,0.0,0,0,0,0,0.0,0,0,0,-30542.0
AIHS,2018-03-31,USD,-487310.86,0,0,0,0,211973.18,3171.36,0,0.0,0,-3171.36,14076893.84,0,0,0,0,0.0,0.0,0,0,0,0,478196.78,0,0,0,-10761264.61
AIH,2019-09-30,CNY,0.0,0,0,0,0,0.0,0.0,0,0.0,0,0.0,0.0,0,0,0,0,0.0,0.0,0,0,0,0,0.0,0,0,0,115674000.0
AKAO,2014-03-31,USD,242000.0,0,0,0,0,0.0,7000.0,0,0.0,0,-7000.0,73964000.0,0,0,0,0,0.0,0.0,0,0,0,0,75181000.0,0,0,0,-3455000.0
AKRO,2019-06-30,USD,-5322000.0,0,0,0,0,0.0,0.0,0,0.0,-7228000,-71513000.0,98200000.0,0,0,0,0,0.0,0.0,0,0,0,0,97480000.0,0,0,0,-7228000.0
AKUS,2020-06-30,USD,-11381000.0,0,0,0,0,529000.0,1050000.0,0,0.0,0,-1050000.0,225262000.0,0,0,0,0,0.0,0.0,0,0,0,0,0.0,0,0,0,-12523000.0
ALDW,2012-12-31,USD,528825000.0,0,0,0,0,0.0,31769000.0,0,0.0,0,0.0,0.0,0,0,0,0,0.0,0.0,0,0,0,0,0.0,0,0,0,113232000.0
ALEC,2018-12-31,USD,-17654000.0,0,0,0,0,276000.0,417000.0,0,0.0,-17373000,42465000.0,-1280000.0,0,0,0,0,0.0,0.0,0,0,0,0,133050000.0,0,0,0,-17373000.0
ALLK,2018-06-30,USD,-8108000.0,0,0,0,0,58000.0,1633000.0,0,0.0,-9377000,-46379000.0,-818000.0,0,0,0,0,0.0,0.0,0,0,0,0,0.0,0,0,0,-9377000.0
ALLO,2018-09-30,USD,-17130000.0,0,0,0,0,354000.0,1377000.0,0,0.0,-43497000,-316776000.0,274057000.0,0,0,0,0,0.0,0.0,0,0,0,0,0.0,0,0,0,-43497000.0
ALNA,2017-09-30,USD,-17781000.0,0,0,0,0,0.0,56000.0,0,0.0,-4670000,23418000.0,-568000.0,0,0,0,0,0.0,0.0,0,0,0,0,0.0,0,0,0,-4670000.0
ALTR,2017-09-30,USD,13069000.0,0,0,0,0,2811000.0,4032000.0,0,0.0,-29626000,-11158000.0,18743000.0,0,307000,0,0,0.0,0.0,0,0,0,0,476000.0,0,0,0,-29626000.0
AMBR,2014-03-31,USD,-175619.0,0,0,0,0,1129492.0,44398.0,3145549,0.0,0,-960514.0,47239000.0,0,0,0,0,0.0,0.0,0,0,0,0,-3395324.0,0,46064474,-38574,-21939731.0
AMHCU,2019-12-31,USD,-367470.0,0,0,0,0,0.0,0.0,0,0.0,0,-100000000.0,101580230.0,0,0,0,0,0.0,0.0,0,0,0,0,102000000.0,0,0,0,2040.0
AMK,2019-06-30,USD,4739000.0,0,0,0,0,7613000.0,745000.0,0,0.0,3237000,-41568000.0,-1250000.0,0,0,0,0,0.0,0.0,0,0,0,0,0.0,0,0,0,3237000.0
AMRE,2012-06-30,USD,4085000.0,0,0,0,0,0.0,11000.0,0,0.0,0,0.0,0.0,0,0,0,0,-4662000.0,-4662000.0,0,0,0,0,0.0,0,0,0,1446000.0
ANNX,2020-06-30,USD,-10246000.0,0,0,0,0,131000.0,0.0,0,0.0,0,-16000.0,101666000.0,0,0,0,0,0.0,0.0,0,0,0,0,0.0,0,0,0,-12240000.0
ANPC,2019-12-31,CNY,-15984000.0,0,0,0,0,740000.0,332000.0,0,-349000.0,0,-632000.0,-1431000.0,0,0,0,0,0.0,0.0,0,0,0,0,-7954000.0,0,0,0,-32555000.0
ANVS,2019-12-31,USD,-52528.0,0,0,0,0,0.0,0.0,0,0.0,-201256,0.0,-1864.0,0,0,0,0,0.0,0.0,0,0,0,0,0.0,0,0,0,-201256.0
APFH,2016-06-30,USD,57613000.0,0,0,0,0,17994000.0,17052000.0,0,4901000.0,0,-7288000.0,22938000.0,0,0,0,0,-11123000.0,-11123000.0,0,0,0,0,-1628000.0,0,0,0,64134000.0
APIC,2015-04-30,USD,0.0,0,0,0,0,0.0,835000.0,0,0.0,0,0.0,77815000.0,0,0,0,0,0.0,0.0,0,0,0,0,0.0,0,0,0,0.0
API,2020-06-30,USD,7451000.0,0,0,0,0,1005000.0,3825000.0,0,0.0,0,-3825000.0,485555000.0,0,0,0,0,0.0,0.0,0,0,0,0,0.0,0,0,0,3006000.0
APLT,2019-03-31,USD,-7002000.0,0,0,0,0,23000.0,0.0,0,0.0,-8730000,-19878000.0,2940000.0,0,0,0,0,0.0,0.0,0,0,0,0,3131000.0,0,0,0,-8730000.0
APRE,2019-09-30,USD,-2793314.0,0,0,0,0,4114.0,10246.0,0,0.0,-6249419,-10246.0,-3619652.0,0,0,0,0,0.0,0.0,0,0,0,0,5621480.0,0,0,0,-6249419.0
APRN,2017-06-30,USD,-51652000.0,0,0,0,0,5383000.0,34820000.0,340000,-2894000.0,-31628000,-35073000.0,87186000.0,0,0,0,0,0.0,0.0,0,0,0,0,781000.0,0,461000,0,-31628000.0
APTX,2018-06-30,USD,-10774000.0,0,0,0,0,100000.0,276000.0,0,0.0,-13335000,-276000.0,107790000.0,0,0,0,0,0.0,0.0,0,0,0,0,0.0,0,0,0,-13335000.0
APXTU,2019-09-30,USD,-229700.0,0,0,0,0,0.0,0.0,0,0.0,-147749,-350000000.0,351443558.0,0,0,0,0,0.0,0.0,0,0,0,0,352025000.0,0,1213858,0,29595.0
AQUA,2017-09-30,USD,12710000.0,0,0,0,0,22073000.0,17300000.0,0,-2016000.0,12960000,-17629000.0,10070000.0,0,398000,0,0,-4750000.0,-4750000.0,0,0,0,0,5521000.0,0,5237000,86000,11061000.0
ARA,2016-03-31,USD,36561000.0,0,0,0,0,7677000.0,16396000.0,1088000,1224000.0,22557000,-16396000.0,-15188000.0,0,0,0,0,-21440000.0,-21440000.0,0,0,0,0,1884000.0,0,4977000,0,3756000.0
ARCE,2018-09-30,USD,6181777.46,0,0,0,0,1098778.03,470122.69,0,-1018391.78,0,-3427988.35,207248699.63,0,0,0,0,0.0,0.0,0,0,0,0,0.0,0,0,0,-14992907.1
ARCX,2013-09-30,USD,14487000.0,0,0,0,0,0.0,10540000.0,0,0.0,0,0.0,77597000.0,0,0,0,0,-946000.0,-946000.0,0,0,0,0,0.0,0,0,0,1274000.0
ARDS,2018-06-30,USD,-6270000.0,0,0,0,0,73000.0,647000.0,0,0.0,-1423000,-647000.0,25080000.0,0,0,0,0,0.0,0.0,0,0,0,0,0.0,0,0,0,-1424000.0
ARD,2017-03-31,USD,19256000.0,0,0,0,0,150000000.0,113399000.0,0,0.0,0,-109000000.0,437548000.0,0,0,0,0,-68467000.0,-68467000.0,0,0,0,0,323000000.0,0,0,0,-59000000.0
ARMO,2017-12-31,USD,-17020000.0,0,0,0,0,50000.0,21000.0,0,0.0,0,-14000.0,67484000.0,0,0,0,0,0.0,0.0,0,0,0,0,136896000.0,0,0,0,-14529000.0
ARPI,2013-03-31,USD,624000.0,0,0,0,0,0.0,0.0,0,0.0,0,0.0,29515000.0,0,0,0,0,0.0,0.0,0,0,0,0,0.0,0,0,0,0.0
ART,2009-09-30,USD,29280000.0,0,0,0,0,0.0,841000.0,0,0.0,0,63263000.0,0.0,0,0,0,0,-14000000.0,-14000000.0,0,0,0,0,0.0,0,0,0,0.0
ARVN,2018-09-30,USD,-10986983.0,0,0,0,0,191548.0,938890.0,0,0.0,-13387672,11798790.0,2026638.0,0,0,0,0,0.0,0.0,0,0,0,0,55075000.0,0,0,0,-13387672.0
ARX,2010-12-31,USD,0.0,0,0,0,0,0.0,11213000.0,0,0.0,0,0.0,11617000.0,0,0,0,0,0.0,0.0,0,0,0,0,0.0,0,0,0,0.0
ARYAU,2018-09-30,USD,0.0,0,0,0,0,0.0,0.0,0,0.0,-2352,0.0,0.0,0,0,0,0,0.0,0.0,0,0,0,0,0.0,0,0,0,0.0
ARYA,2020-06-30,USD,-485648.0,0,0,0,0,0.0,0.0,0,0.0,0,-149500000.0,0.0,0,0,0,0,0.0,0.0,0,0,0,0,0.0,0,0,0,-11717.0
ASNS,2017-12-31,USD,-12907000.0,0,0,0,0,195000.0,42000.0,0,0.0,0,5135000.0,101262000.0,0,0,0,0,0.0,0.0,0,0,0,0,66000000.0,0,0,0,-33877000.0
ASPX,2013-12-31,USD,0.0,0,0,0,0,0.0,14000.0,0,0.0,0,0.0,43686000.0,0,0,0,0,0.0,0.0,0,0,0,0,0.0,0,0,0,0.0
ASV,2017-03-31,USD,1132000.0,0,0,0,0,0.0,38000.0,0,2348000.0,0,498000.0,-2193000.0,0,0,0,0,0.0,0.0,0,0,0,0,0.0,0,0,0,232000.0
ATACU,2017-09-30,USD,-6278.0,0,0,0,0,0.0,0.0,0,0.0,0,-45135000.0,45797091.0,0,0,0,0,0.0,0.0,0,0,0,0,47487600.0,0,0,0,-1037.0
ATB,2004-09-30,USD,0.0,0,0,0,0,0.0,0.0,0,0.0,0,0.0,0.0,0,0,0,0,0.0,0.0,0,0,0,0,0.0,0,0,0,6367000.0
ATHL,2013-06-30,USD,79224000.0,0,0,0,0,0.0,177996000.0,0,0.0,0,0.0,92784000.0,0,0,0,0,-75000000.0,-75000000.0,0,0,0,0,0.0,0,0,0,23697000.0
ATNX,2017-06-30,USD,-48803000.0,0,0,0,0,848000.0,1888000.0,1850000,2425000.0,-38668000,-26537000.0,96791000.0,0,0,0,0,0.0,0.0,0,0,0,0,0.0,0,29554000,0,-38625000.0
ATN,2006-12-31,USD,63788000.0,0,0,0,0,0.0,75635000.0,0,0.0,0,0.0,0.0,0,0,0,0,-139944000.0,-139944000.0,0,0,0,0,0.0,0,0,0,21648000.0
ATUS,2017-06-30,USD,456854000.0,0,0,0,0,706787000.0,202235000.0,0,0.0,-474790000,-204856000.0,-114959000.0,0,0,0,0,-839700000.0,-839700000.0,0,0,0,0,0.0,0,0,0,-475155000.0
ATXI,2017-06-30,USD,-1290000.0,0,0,0,0,35000.0,0.0,0,0.0,-2909000,0.0,35304000.0,0,0,0,0,0.0,0.0,0,0,0,0,34503000.0,0,-1290000,0,-2406000.0
AUTL,2018-06-30,USD,0.0,0,0,0,0,0.0,0.0,0,0.0,0,0.0,0.0,0,0,0,0,0.0,0.0,0,0,0,0,0.0,0,0,0,-10256000.0
AUVI,2020-09-30,USD,-429897.0,0,0,0,0,9182.0,55814.0,0,-45156.0,0,-55814.0,4927529.0,0,0,0,0,0.0,0.0,0,0,0,0,0.0,0,0,0,-894732.0
AVIV,2013-03-31,USD,0.0,0,0,0,0,0.0,0.0,0,0.0,0,0.0,35790000.0,0,0,0,0,-21224000.0,-21224000.0,0,0,0,0,0.0,0,0,0,0.0
AVNU,2014-12-31,USD,10446000.0,0,0,0,0,0.0,471000.0,0,342000.0,0,0.0,97398000.0,0,0,0,0,-189000.0,-189000.0,0,0,0,0,0.0,0,0,0,1293000.0
AVOL,2014-12-31,USD,284841000.0,0,0,0,0,0.0,1939561000.0,0,0.0,0,0.0,1115161000.0,0,0,0,0,0.0,0.0,0,0,0,0,0.0,0,0,0,0.0
AVRO,2018-06-30,USD,-8249000.0,0,0,0,0,45000.0,161000.0,0,0.0,-10507000,-137000.0,105473000.0,0,0,0,0,0.0,0.0,0,0,0,0,0.0,0,0,0,-10507000.0
AVTR,2019-06-30,USD,-5900000.0,0,0,0,0,103000000.0,14000000.0,0,30000000.0,-48700000,-12400000.0,38300000.0,0,0,0,0,-15100000.0,-15100000.0,0,0,0,0,1604800000.0,0,0,0,-48700000.0
AVXS,2015-12-31,USD,0.0,0,0,0,0,0.0,221000.0,0,0.0,0,0.0,73149000.0,0,0,0,0,0.0,0.0,0,0,0,0,0.0,0,0,0,0.0
AXNX,2018-09-30,USD,-8101863.0,0,0,0,0,235000.0,707000.0,0,235000.0,-7566000,3516000.0,6000.0,0,0,0,0,0.0,0.0,0,0,0,0,0.0,0,0,0,-7566000.0
AYLA,2020-03-31,USD,-6391000.0,0,0,0,0,53000.0,20000.0,0,0.0,6598000,182000.0,-261000.0,0,0,0,0,0.0,0.0,0,0,0,0,0.0,0,0,0,-6598000.0
AZRE,2016-09-30,USD,2855000.0,0,0,0,0,0.0,0.0,0,0.0,0,0.0,125111000.0,0,0,0,0,0.0,0.0,0,0,0,0,0.0,0,0,0,-226363000.0
AZUL,2017-03-31,USD,6916000.0,0,0,0,0,67528000.0,49030000.0,0,-7711000.0,0,39826000.0,-262028000.0,0,0,0,0,0.0,0.0,0,0,0,0,1254763000.0,0,0,0,17484000.0
BALT,2010-03-31,USD,0.0,0,0,0,0,0.0,0.0,0,0.0,0,0.0,285786000.0,0,0,0,0,0.0,0.0,0,0,0,0,0.0,0,0,0,0.0
BATS,2016-03-31,USD,39600000.0,0,0,0,0,0.0,700000.0,0,0.0,0,6800000.0,0.0,0,0,0,0,0.0,0.0,0,0,0,0,0.0,0,0,0,30100000.0
BBIO,2019-06-30,USD,-68248000.0,0,0,0,0,132000.0,83000.0,0,0.0,-74334000,-583000.0,-9969000.0,0,0,0,0,0.0,0.0,0,0,0,0,538000.0,0,0,0,-65895000.0
BCACU,2017-06-30,USD,-14744.0,0,0,0,0,0.0,0.0,0,0.0,0,-61884375.0,62409495.0,0,0,0,0,0.0,0.0,0,0,0,0,71851433.96,0,0,0,-31682.0
BCEL,2019-06-30,USD,-13751000.0,0,0,0,0,395000.0,644000.0,0,0.0,-17921000,9071000.0,133320000.0,0,0,0,0,0.0,0.0,0,0,0,0,133866000.0,0,0,0,-17921000.0
BCYC,2019-06-30,USD,-7608000.0,0,0,0,0,230000.0,463000.0,0,0.0,0,-463000.0,59095000.0,0,0,0,0,0.0,0.0,0,0,0,0,59129000.0,0,0,0,-10217000.0
BEAM,2019-12-31,USD,-17800000.0,0,0,0,0,1002000.0,2160000.0,0,0.0,-27850000,16559000.0,699000.0,0,0,0,0,0.0,0.0,0,0,0,0,38086000.0,0,0,0,-27850000.0
BEDU,2017-05-31,USD,12163000.0,0,0,0,0,78056000.0,97116000.0,0,982000.0,0,-83613000.0,152954000.0,0,0,0,0,0.0,0.0,0,0,0,0,1151112000.0,0,0,0,15868000.0
BEKE,2020-06-30,CNY,9133566000.0,0,0,0,0,272184000.0,148186000.0,0,0.0,0,2751829000.0,329069000.0,0,0,0,0,0.0,0.0,0,0,0,0,0.0,0,0,0,2836568000.0
BETR,2015-06-30,USD,25477000.0,0,0,0,0,0.0,311000.0,0,1073000.0,0,0.0,0.0,0,0,0,0,-22285000.0,-22285000.0,0,0,0,0,0.0,0,0,0,3560000.0
BE,2018-06-30,USD,-12463000.0,0,0,0,0,10707000.0,8287000.0,0,34730000.0,-60510000,-3778000.0,22521000.0,0,0,0,0,0.0,0.0,0,622000,0,0,742000.0,0,0,0,-55998000.0
BGNE,2015-12-31,USD,-39843000.0,0,0,0,0,1545000.0,5314000.0,0,-10930000.0,0,-58906000.0,103205000.0,0,0,0,0,0.0,0.0,0,0,0,0,77000.0,0,0,0,-57102000.0
BHAT,2019-06-30,USD,0.0,0,0,0,0,0.0,0.0,0,0.0,0,0.0,0.0,0,0,0,0,0.0,0.0,0,0,0,0,0.0,0,0,0,1088299.0
BHVN,2017-03-31,USD,-18888000.0,0,0,0,0,4000.0,21000.0,0,0.0,-18753000,-1578000.0,37951000.0,0,0,0,0,0.0,0.0,0,0,0,0,37951000.0,0,28721000,0,-22753000.0
BILI,2018-03-31,USD,0.0,0,0,0,0,0.0,0.0,0,0.0,0,0.0,0.0,0,0,0,0,0.0,0.0,0,0,0,0,0.0,0,0,0,-19114720.17
BILL,2019-12-31,USD,-1769000.0,0,0,0,0,1120000.0,1026000.0,0,0.0,-7578000,-237795000.0,253461000.0,0,0,0,0,0.0,0.0,0,0,0,0,227610000.0,0,0,0,-7578000.0
BIND,2013-09-30,USD,-7196000.0,0,0,0,0,0.0,1826000.0,0,0.0,0,-1037000.0,84088000.0,0,0,0,0,0.0,0.0,0,0,0,0,228000.0,0,0,0,-19586000.0
BJ,2018-08-04,USD,137862000.0,0,0,0,0,41076000.0,33521000.0,0,-50189000.0,-5614000,-33521000.0,-103507000.0,0,0,0,0,-25000.0,-25000.0,0,0,0,0,652340000.0,0,0,0,-5614000.0
BLCT,2020-06-30,CNY,0.0,0,0,0,0,0.0,0.0,0,0.0,0,0.0,0.0,0,0,0,0,0.0,0.0,0,0,0,0,0.0,0,0,0,-3349763.0
BLOX,2012-04-30,USD,17243000.0,0,0,0,0,0.0,3225000.0,0,0.0,0,0.0,101185000.0,0,0,0,0,0.0,0.0,0,0,0,0,0.0,0,0,0,0.0
BNK,2014-06-30,USD,1897000.0,0,0,0,0,0.0,6988000.0,0,0.0,0,0.0,125100000.0,0,0,0,0,0.0,0.0,0,0,0,0,0.0,0,0,0,230000.0
BNNY,2012-03-31,USD,1291000.0,0,0,0,0,0.0,3538000.0,0,0.0,0,0.0,0.0,0,0,0,0,-13550000.0,-13550000.0,0,0,0,0,0.0,0,0,0,1929000.0
BNR,2020-06-30,CNY,61124000.0,0,0,0,0,0.0,0.0,0,0.0,0,296102000.0,0.0,0,0,0,0,0.0,0.0,0,0,0,0,0.0,0,0,0,-71055000.0
BNTX,2019-09-30,EUR,-49221000.0,0,0,0,0,8492000.0,21285000.0,0,-3590000.0,0,-21280000.0,248804000.0,0,0,0,0,0.0,0.0,0,0,0,0,0.0,0,0,0,-30103000.0
BODY,2010-09-30,USD,10823000.0,0,0,0,0,0.0,5494000.0,0,0.0,0,0.0,0.0,0,0,0,0,0.0,0.0,0,0,0,0,0.0,0,0,0,1343000.0
BOLD,2016-06-30,USD,-26468000.0,0,0,0,0,0.0,8845000.0,0,0.0,0,-33227000.0,93000.0,0,0,0,0,0.0,0.0,0,0,0,0,0.0,0,0,0,-24623000.0
BONA,2010-12-31,USD,0.0,0,0,0,0,0.0,2730000.0,0,0.0,0,0.0,117425000.0,0,0,0,0,0.0,0.0,0,0,0,0,0.0,0,0,0,3170000.0
BORR,2019-06-30,USD,-54900000.0,0,0,0,0,24600000.0,5200000.0,0,0.0,0,-51700000.0,154600000.0,0,0,0,0,0.0,0.0,0,0,0,0,0.0,0,0,0,-103200000.0
BRACU,2017-09-30,USD,-171434.0,0,0,0,0,0.0,0.0,0,0.0,0,-208035000.0,208836834.0,0,0,0,0,0.0,0.0,0,0,0,0,140834909.74,0,0,0,-625.0
BRBR,2019-09-30,USD,38900000.0,0,0,0,0,6300000.0,1400000.0,0,24800000.0,26700000,-1400000.0,-35200000.0,0,0,0,0,0.0,0.0,0,0,0,0,0.0,0,0,-200000,26700000.0
BRDR,2014-03-31,USD,0.0,0,0,0,0,0.0,479000.0,0,0.0,0,0.0,84941000.0,0,0,0,0,0.0,0.0,0,0,0,0,0.0,0,0,0,0.0
BTAI,2018-03-31,USD,-1012000.0,0,0,0,0,2000.0,120000.0,0,0.0,-4282000,-120000.0,55590000.0,0,0,0,0,0.0,0.0,0,0,0,0,56512000.0,0,54578000,0,-4282000.0
BUFF,2015-06-30,USD,33214000.0,0,0,0,0,2000000.0,3767000.0,0,6359000.0,22638000,-1583000.0,-983000.0,0,0,0,0,0.0,0.0,0,0,0,0,0.0,0,30648000,0,22638000.0
BWB,2018-03-31,USD,5950000.0,0,0,-1103000,2084000,184000.0,220000.0,0,0.0,5950000,-71157000.0,63043000.0,0,0,0,0,0.0,0.0,0,58857000,0,0,58857000.0,0,-3600000,0,5950000.0
BXG,2017-12-31,USD,65970000.0,0,0,0,0,14110000.0,14115000.0,0,-42757000.0,0,-14115000.0,1266000.0,0,0,0,0,-40000000.0,-40000000.0,0,0,0,0,0.0,0,0,0,66469000.0
BYSI,2017-03-31,USD,-5279000.0,0,0,0,0,6000.0,14000.0,0,-117000.0,0,-14000.0,48171000.0,0,0,0,0,0.0,0.0,0,0,0,0,50505000.0,0,0,0,-47396000.0
BY,2017-06-30,USD,14360000.0,0,0,0,0,2608000.0,1435000.0,0,16506000.0,0,50699000.0,-31771000.0,0,0,0,0,-385000.0,-385000.0,0,0,0,0,0.0,0,0,0,6146000.0
CAAP,2017-12-31,USD,-49422000.0,0,0,0,0,138130000.0,11503000.0,0,-909000.0,0,-45162000.0,128955000.0,0,0,0,0,-23836000.0,-23836000.0,0,0,0,0,6600000.0,0,0,0,63491000.0
CABA,2019-09-30,USD,-2076000.0,0,0,0,0,32000.0,40000.0,0,0.0,-4650000,-40000.0,-2101000.0,0,0,0,0,0.0,0.0,0,0,0,0,0.0,0,0,0,-4650000.0
CAFD,2015-06-30,USD,-9333000.0,0,0,0,0,748000.0,224018000.0,0,0.0,0,-224018000.0,271245000.0,0,0,0,0,-655224000.0,-655224000.0,0,0,0,0,393750000.0,0,0,0,145000.0
CANG,2018-06-30,USD,0.0,0,0,0,0,0.0,0.0,0,0.0,0,0.0,0.0,0,0,0,0,0.0,0.0,0,0,0,0,0.0,0,0,0,9665809.09
CAN,2019-12-31,USD,-269533000.0,0,0,0,0,15252000.0,2040000.0,0,275063000.0,0,68050000.0,397447000.0,0,0,0,0,0.0,0.0,0,0,0,0,1213681000.0,0,0,0,-798211000.0
CARG,2017-09-30,USD,27017000.0,0,0,0,0,1083000.0,2271000.0,0,0.0,2379000,-14811000.0,-1703000.0,0,0,0,0,0.0,0.0,0,0,0,0,0.0,0,0,0,2379000.0
CBLK,2018-03-31,USD,-777000.0,0,0,0,0,1748000.0,1495000.0,0,0.0,0,-1788000.0,178000.0,0,0,0,0,0.0,0.0,0,0,0,0,0.0,0,0,0,-20594000.0
CBTX,2017-09-30,USD,9355000.0,0,0,0,0,1102000.0,72000.0,0,516000.0,10047000,-2540000.0,34590000.0,0,0,0,0,-3309000.0,2206000.0,0,0,0,0,71860000.0,0,0,0,10047000.0
CBYL,2015-03-31,USD,0.0,0,0,0,0,0.0,180000.0,0,0.0,0,0.0,3513000.0,0,0,0,0,0.0,0.0,0,0,0,0,0.0,0,0,0,0.0
CCB,2018-06-30,USD,1972000.0,0,0,0,0,267000.0,230000.0,0,0.0,2201000,-18310000.0,17473000.0,0,0,0,0,0.0,0.0,0,0,0,0,0.0,0,0,0,2201000.0
CCG,2010-09-30,USD,2521000.0,0,0,0,0,0.0,0.0,0,162000.0,0,0.0,2219000.0,0,0,0,0,-1714000.0,-1714000.0,0,0,0,0,0.0,0,0,0,0.0
CCSC,2010-09-30,USD,11562000.0,0,0,0,0,0.0,12401000.0,0,0.0,0,0.0,0.0,0,0,0,0,-590000.0,-590000.0,0,0,0,0,0.0,0,0,0,3194000.0
CDAY,2018-03-31,USD,-23400000.0,0,0,0,0,14900000.0,2900000.0,-1900000,0.0,-2600000,-240700000.0,230100000.0,0,0,0,0,0.0,0.0,0,0,0,0,0.0,0,-37400000,-3400000,-2100000.0
CERU,2014-03-31,USD,0.0,0,0,0,0,0.0,14000.0,0,0.0,0,0.0,6650000.0,0,0,0,0,0.0,0.0,0,0,0,0,0.0,0,0,0,0.0
CGBD,2017-06-30,USD,-248616000.0,0,0,0,0,-2767000.0,0.0,0,0.0,0,0.0,180621000.0,0,0,0,0,-36916000.0,-36916000.0,0,0,0,0,350990000.0,0,0,0,15501000.0
CGROU,2020-03-31,USD,-908.0,0,0,0,0,0.0,0.0,0,0.0,0,0.0,957.0,0,0,0,0,0.0,0.0,0,0,0,0,0.0,0,0,0,-908.0
CHRA,2018-06-30,USD,-6411000.0,0,0,0,0,8704000.0,4860000.0,0,-3000.0,3862000,-4269000.0,16395000.0,0,0,0,0,-686000.0,-686000.0,0,0,0,0,59241000.0,0,0,0,3220000.0
CHRM,2010-03-31,USD,0.0,0,0,0,0,0.0,0.0,0,0.0,0,0.0,0.0,0,0,0,0,0.0,0.0,0,0,0,0,0.0,0,0,0,6799000.0
CIS,2010-06-30,USD,0.0,0,0,0,0,0.0,0.0,0,0.0,0,0.0,0.0,0,0,0,0,0.0,0.0,0,0,0,0,0.0,0,0,0,3372000.0
CLAY,2006-03-31,USD,1954000.0,0,0,0,0,0.0,2956000.0,0,0.0,0,0.0,8929000.0,0,0,0,0,0.0,0.0,0,0,0,0,0.0,0,0,0,0.0
CLCD,2015-03-31,USD,-1748003.0,0,0,0,0,0.0,0.0,0,0.0,0,0.0,36163000.0,0,0,0,0,0.0,0.0,0,0,0,0,36685583.0,0,34415082,0,-2799543.0
CLEU,2020-03-31,USD,-156589.0,0,0,0,0,0.0,0.0,0,0.0,0,-6416.0,0.0,0,0,0,0,0.0,0.0,0,0,0,0,0.0,0,0,0,0.0
CLPS,2018-06-30,USD,-4772610.0,0,0,0,0,206170.0,231230.0,0,0.0,0,-492670.0,10103240.0,0,0,0,0,-0.02,-0.02,0,0,0,0,11022110.0,0,0,0,2714900.0
CLSD,2016-06-30,USD,43000000.0,0,0,0,0,0.0,0.0,0,0.0,0,0.0,44875000.0,0,0,0,0,0.0,0.0,0,0,0,0,0.0,0,0,0,-10551000.0
CMBM,2019-06-30,USD,5954000.0,0,0,0,0,1393000.0,911000.0,0,-4034000.0,0,-911000.0,62398000.0,0,0,0,0,0.0,0.0,0,0,0,0,65988000.0,0,0,0,-20374000.0
CML,2007-09-30,USD,0.0,0,0,0,0,0.0,2002000.0,0,0.0,0,0.0,0.0,0,0,0,0,0.0,0.0,0,0,0,0,0.0,0,0,0,0.0
CMPI,2020-06-30,USD,-7792000.0,0,0,0,0,0.0,0.0,0,0.0,0,0.0,84173000.0,0,0,0,0,0.0,0.0,0,0,0,0,0.0,0,0,0,-8348000.0
CMSSU,2017-09-30,USD,-121029.0,0,0,0,0,0.0,0.0,0,0.0,0,-206362930.0,206460435.0,0,0,0,0,0.0,0.0,0,0,0,0,11414.75,0,0,0,-2571.0
CMTA,2017-06-30,USD,-6200865.0,0,0,0,0,54541.0,13000.0,0,0.0,0,4355000.0,9902000.0,0,0,0,0,0.0,0.0,0,0,0,0,5859.0,0,0,0,-23324145.0
CNACU,2017-06-30,USD,-71637.0,0,0,0,0,0.0,0.0,0,0.0,0,-145187500.0,145978974.0,0,0,0,0,0.0,0.0,0,0,0,0,0.0,0,0,0,-31716.0
CNF,2018-09-30,USD,0.0,0,0,0,0,0.0,0.0,0,0.0,0,0.0,0.0,0,0,0,0,0.0,0.0,0,0,0,0,0.0,0,0,0,234852700.0
CNTG,2019-09-30,EUR,-1547000.0,0,0,0,0,1612000.0,1410000.0,0,120000.0,0,17124000.0,-13080000.0,0,0,0,0,0.0,0.0,0,0,0,0,0.0,0,0,0,-4276000.0
COTV,2016-06-30,USD,72574000.0,0,0,0,0,0.0,14019000.0,0,0.0,0,0.0,0.0,0,0,0,0,-150000000.0,-150000000.0,0,0,0,0,0.0,0,0,0,10893000.0
COVS,2013-09-30,USD,0.0,0,0,0,0,0.0,475000.0,0,0.0,0,0.0,6185000.0,0,0,0,0,0.0,0.0,0,0,0,0,0.0,0,0,0,0.0
CPPL,2014-12-31,USD,568100000.0,0,0,0,0,0.0,747200000.0,0,0.0,0,0.0,296600000.0,0,0,0,0,0.0,0.0,0,0,0,0,0.0,0,0,0,64400000.0
CQH,2013-12-31,USD,35664000.0,0,0,0,0,0.0,0.0,0,0.0,0,0.0,224876000.0,0,0,0,0,-91386000.0,-91386000.0,0,0,0,0,0.0,0,0,0,0.0
CRSAU,2019-03-31,USD,239455.0,0,0,0,0,0.0,0.0,0,0.0,171366,-250000000.0,251342222.0,0,0,0,0,0.0,0.0,0,0,0,0,257000000.0,0,0,0,171366.0
CRSP,2016-09-30,USD,-35894000.0,0,0,0,0,0.0,2788000.0,0,0.0,0,17112000.0,91454000.0,0,0,0,0,0.0,0.0,0,0,0,0,16000.0,0,0,0,-14680000.0
CRVS,2016-03-31,USD,-10795000.0,0,0,0,0,106000.0,614000.0,0,0.0,-6347000,-58747000.0,64343000.0,0,0,0,0,0.0,0.0,0,0,0,0,64343000.0,0,-40000,0,-6347000.0
CRWD,2019-04-30,USD,1415000.0,0,0,0,0,4873000.0,15541000.0,0,0.0,-25977000,4138000.0,-882000.0,0,0,0,0,0.0,0.0,0,0,0,0,1510000.0,0,0,0,-25977000.0
CTK,2018-09-30,USD,5265000.0,0,0,0,0,1153606.0,3533121.0,0,0.0,0,-915000.0,-2463000.0,0,0,0,0,0.0,0.0,0,0,0,0,0.0,0,0,0,2798000.0
CUDA,2013-11-30,USD,22676000.0,0,0,0,0,0.0,1328000.0,0,-288000.0,-2292000,0.0,79197000.0,0,0,0,0,-1419000.0,-1419000.0,0,0,0,0,0.0,0,88253000,-14000,0.0
CVNA,2017-03-31,USD,-38439000.0,0,0,0,0,0.0,18556000.0,0,14044000.0,-38439000,-18556000.0,41787000.0,0,0,0,0,0.0,0.0,0,0,0,0,0.0,0,-38439000,0,-38439000.0
CVP,2003-12-31,USD,27159000.0,0,0,0,0,0.0,7904000.0,0,0.0,0,0.0,8744000.0,0,0,0,0,0.0,0.0,0,0,0,0,0.0,0,0,0,0.0
CVT,2013-06-30,USD,15110000.0,0,0,0,0,0.0,4898000.0,0,0.0,0,-9945000.0,-924000.0,0,0,0,0,0.0,0.0,0,0,0,0,0.0,0,0,0,-1977000.0
CWH,2016-09-30,USD,214434000.0,0,0,0,0,0.0,42074000.0,0,-110054000.0,68416000,-16865000.0,-121569000.0,-103950000,0,0,0,-214782000.0,-214782000.0,0,0,0,0,0.0,0,76000000,0,68416000.0
CWK,2018-06-30,USD,-8800000.0,0,0,0,0,71600000.0,10700000.0,0,0.0,0,-16700000.0,-39900000.0,0,0,0,0,0.0,0.0,0,0,0,0,8800000.0,0,0,0,-32200000.0
CYNI,2013-03-31,USD,0.0,0,0,0,0,0.0,962000.0,0,1311000.0,0,0.0,0.0,0,0,0,0,0.0,0.0,0,0,0,0,0.0,0,0,0,0.0
DADA,2020-06-30,CNY,0.0,0,0,0,0,0.0,0.0,0,0.0,0,0.0,0.0,0,0,0,0,0.0,0.0,0,0,0,0,0.0,0,0,0,-457486000.0
DANG,2010-12-31,USD,0.0,0,0,0,0,0.0,6337000.0,0,0.0,0,7299000.0,241768000.0,0,0,0,0,0.0,0.0,0,0,0,0,0.0,0,0,0,2276000.0
DAO,2019-09-30,CNY,0.0,0,0,0,0,0.0,0.0,0,0.0,0,0.0,0.0,0,0,0,0,0.0,0.0,0,0,0,0,0.0,0,0,0,-231130000.0
DATE,2011-03-31,USD,0.0,0,0,0,0,0.0,0.0,0,0.0,0,0.0,0.0,0,0,0,0,0.0,0.0,0,0,0,0,0.0,0,0,0,1855000.0
DAVA,2018-06-30,USD,17886713.1,0,0,0,0,2025233.28,2372190.83,0,0.0,0,-3576028.39,-7032461.56,0,0,0,0,0.0,0.0,0,0,0,0,0.0,0,0,0,6437113.94
DDOG,2019-09-30,USD,3824000.0,0,0,0,0,3800000.0,4834000.0,0,0.0,-4161000,-7484000.0,710924000.0,0,0,0,0,0.0,0.0,0,0,0,0,715965000.0,0,0,0,-4161000.0
DEP,2006-12-31,USD,61093000.0,0,0,0,0,0.0,106354000.0,0,0.0,0,0.0,44486000.0,0,0,0,0,0.0,0.0,0,0,0,0,0.0,0,0,0,15065000.0
DERM,2014-09-30,USD,-25085000.0,0,0,0,0,0.0,47000.0,0,0.0,0,-47000.0,53833000.0,0,0,0,0,0.0,0.0,0,0,0,0,7000.0,0,0,0,-25148000.0
DESP,2017-09-30,USD,35994000.0,0,0,0,0,3791000.0,6354000.0,0,0.0,0,4694000.0,255264000.0,0,0,0,0,0.0,0.0,0,0,0,0,254305000.0,0,0,0,11207000.0
DFPHU,2020-03-31,USD,-28750.0,0,0,0,0,0.0,0.0,0,0.0,0,-230000000.0,231511186.0,0,0,0,0,0.0,0.0,0,0,0,0,225911190.0,0,0,0,-45089.0
DMTX,2015-09-30,USD,0.0,0,0,0,0,0.0,2186000.0,0,0.0,0,0.0,77669000.0,0,0,0,0,0.0,0.0,0,0,0,0,0.0,0,0,0,0.0
DNB,2020-06-30,USD,113900000.0,0,0,0,0,132600000.0,2500000.0,0,0.0,-173800000,-29400000.0,-151900000.0,0,0,0,0,-32100000.0,-32100000.0,0,0,0,0,0.0,0,0,0,-173800000.0
DNJR,2018-03-31,USD,-243855.0,0,0,0,0,9864.0,1947.0,0,0.0,0,-1947.0,2860105.0,0,0,0,0,0.0,0.0,0,0,0,0,0.0,0,0,0,-373964.0
DNK,2019-12-31,CNY,-281927000.0,0,0,0,0,0.0,1962048000.0,0,0.0,0,-369263000.0,4945078000.0,0,0,0,0,0.0,0.0,0,0,0,0,1456944000.0,0,0,0,-919806000.0
DOLE,2009-09-30,USD,282900000.0,0,0,0,0,0.0,36211000.0,0,66958000.0,0,0.0,9735000.0,0,0,0,0,-15000000.0,-15000000.0,0,0,0,0,0.0,0,0,0,0.0
DOTAU,2017-09-30,USD,-237601.0,0,0,0,0,0.0,0.0,0,0.0,0,-28750000.0,29025352.0,0,0,0,0,0.0,0.0,0,0,0,0,29262500.0,0,0,0,3843.0
DOVA,2017-06-30,USD,-3011000.0,0,0,0,0,0.0,34000.0,0,0.0,0,-34000.0,-902000.0,0,0,0,0,0.0,0.0,0,0,0,0,0.0,0,0,0,-10931000.0
DOYU,2019-06-30,CNY,0.0,0,0,0,0,0.0,0.0,0,0.0,0,0.0,0.0,0,0,0,0,0.0,0.0,0,0,0,0,0.0,0,0,0,22276000.0
DPLO,2014-09-30,USD,19304000.0,0,0,0,0,0.0,834000.0,0,0.0,0,0.0,45894000.0,0,0,0,0,0.0,0.0,0,0,0,0,0.0,0,0,0,4541000.0
DPRX,2014-03-31,USD,0.0,0,0,0,0,0.0,0.0,0,0.0,0,0.0,34455000.0,0,0,0,0,0.0,0.0,0,0,0,0,0.0,0,0,0,0.0
DRII,2013-06-30,USD,15275000.0,0,0,0,0,6075000.0,8481000.0,0,0.0,0,0.0,0.0,0,0,0,0,0.0,0.0,0,0,0,0,0.0,0,15275000,0,17956000.0
DRTX,2012-06-30,USD,0.0,0,0,0,0,0.0,0.0,0,0.0,0,0.0,20679000.0,0,0,0,0,0.0,0.0,0,0,0,0,0.0,0,0,0,0.0
DTEA,2015-05-31,USD,0.0,0,0,0,0,0.0,3842921.54,0,0.0,0,0.0,42166704.87,0,0,0,0,0.0,0.0,0,0,0,0,0.0,0,0,0,0.0
DTIL,2019-03-31,USD,-19907000.0,0,0,0,0,939000.0,5082000.0,0,0.0,-31783000,-5082000.0,38295000.0,0,0,0,0,0.0,0.0,0,0,0,0,107000.0,0,13306000,0,-31783000.0
DUO,2019-09-30,CNY,0.0,0,0,0,0,0.0,0.0,0,0.0,0,0.0,0.0,0,0,0,0,0.0,0.0,0,0,0,0,0.0,0,0,0,80308000.0
DWRE,2012-03-31,USD,1369000.0,0,0,0,0,750000.0,1538000.0,1162000,0.0,0,-1538000.0,94435000.0,0,0,0,0,0.0,0.0,0,0,0,0,94486000.0,0,94313000,47000,-2243000.0
EAF,2018-03-31,USD,140553000.0,0,0,0,0,16328000.0,14025000.0,0,-28679000.0,0,-13289000.0,-2600000.0,0,0,0,0,-1112000000.0,-1112000000.0,0,0,0,0,0.0,0,125008000,344000,223673000.0
EBON,2020-06-30,USD,-2731166.0,0,0,0,0,0.0,0.0,0,0.0,0,-134607.0,0.0,0,0,0,0,0.0,0.0,0,0,0,0,0.0,0,0,0,0.0
ECOR,2018-06-30,USD,-11291507.0,0,0,0,0,10668.0,84775.0,0,430762.0,-17782098,17638920.0,80421049.0,0,0,0,0,0.0,0.0,0,0,0,0,79895818.0,0,86837378,68916,-17782098.0
EDTK,2020-06-30,USD,3292421.0,0,0,0,0,0.0,0.0,0,0.0,0,-7121175.0,0.0,0,0,0,0,0.0,0.0,0,0,0,0,0.0,0,0,0,0.0
EEX,2017-03-31,USD,74016000.0,0,0,0,0,10575000.0,161000.0,-27313000,0.0,28347000,-39418000.0,11517000.0,0,0,0,0,0.0,0.0,0,0,0,0,0.0,0,908000,0,28347000.0
EHIC,2014-12-31,USD,6914000.0,0,0,0,0,287443066.0,213992000.0,0,0.0,0,-1561988349.0,292355000.0,0,0,0,0,0.0,0.0,0,0,0,0,1002083540.0,0,0,0,-93145437.0
EH,2019-12-31,CNY,14731000.0,0,0,0,0,1488000.0,2550000.0,0,-559000.0,0,8301000.0,252863000.0,0,0,0,0,0.0,0.0,0,0,0,0,300302000.0,0,0,0,-1933000.0
EIDX,2018-06-30,USD,-8907000.0,0,0,0,0,14000.0,15000.0,0,0.0,-10647000,-15000.0,160342000.0,0,0,0,0,0.0,0.0,0,0,0,0,0.0,0,151420000,0,-10621000.0
ENP,2007-09-30,USD,14311000.0,0,0,0,0,0.0,333049000.0,0,0.0,0,0.0,325852000.0,0,0,0,0,-3784000.0,-3784000.0,0,0,0,0,0.0,0,0,0,0.0
ENTL,2014-12-31,USD,0.0,0,0,0,0,0.0,999000.0,0,0.0,0,0.0,5550000.0,0,0,0,0,0.0,0.0,0,0,0,0,0.0,0,0,0,0.0
ENTX,2018-06-30,USD,-2237000.0,0,0,0,0,10000.0,33000.0,0,0.0,0,-4000000.0,9624000.0,0,0,0,0,0.0,0.0,0,0,0,0,0.0,0,0,0,1563000.0
ENVI,2012-03-31,USD,-5176000.0,0,0,0,0,560000.0,991000.0,-1011000,28000.0,0,-4275000.0,54087000.0,0,0,0,0,0.0,0.0,0,0,0,0,75000.0,0,44611000,-25000,-2237000.0
ENZY,2013-09-30,USD,5970000.0,0,0,0,0,0.0,3448000.0,0,0.0,0,0.0,6001000.0,0,0,0,0,0.0,0.0,0,0,0,0,0.0,0,0,0,3260000.0
EOPN,2012-08-31,USD,0.0,0,0,0,0,0.0,1047000.0,0,0.0,0,0.0,41046000.0,0,0,0,0,-3000.0,-3000.0,0,0,0,0,0.0,0,0,0,4566000.0
EPRT,2018-06-30,USD,8354000.0,0,0,0,0,6303000.0,328000.0,0,0.0,3499000,-200749000.0,321255000.0,0,0,0,0,-14068000.0,-14068000.0,0,0,0,0,602700000.0,0,0,0,3399000.0
EQGP,2015-03-31,USD,114659000.0,0,0,0,0,11927000.0,91415000.0,-32000,0.0,81675000,0.0,458101000.0,0,0,0,0,-23866000.0,-23866000.0,0,0,0,0,0.0,0,40325000,0,33934000.0
EQH,2018-03-31,USD,-264000000.0,0,0,0,0,-13000000.0,24000000.0,0,0.0,291000000,459000000.0,1074000000.0,167000000,0,0,0,15000000.0,-15000000.0,0,0,0,0,-128000000.0,0,1277000000,8000000,168000000.0
EQ,2018-09-30,USD,-1641282.0,0,0,0,0,1796.0,3381.0,0,0.0,-4916582,-3381.0,1221.0,0,0,0,0,0.0,0.0,0,0,0,0,0.0,0,0,0,-4917000.0
ESSCU,2020-03-31,USD,-364838.0,0,0,0,0,0.0,0.0,0,0.0,697557,-138000000.0,138819683.0,0,0,0,0,0.0,0.0,0,0,0,0,0.0,0,454845,0,697557.0
ESTA,2018-06-30,USD,-8979000.0,0,0,0,0,708000.0,306000.0,0,-1705000.0,0,-318000.0,14322000.0,0,0,0,0,0.0,0.0,0,0,0,0,0.0,0,0,0,-5360000.0
ESTC,2018-10-31,USD,-576000.0,0,0,0,0,1466000.0,836000.0,0,0.0,0,-836000.0,269345000.0,0,0,0,0,0.0,0.0,0,0,0,0,0.0,0,0,0,-27539000.0
ETNB,2019-09-30,USD,-6197000.0,0,0,0,0,5000.0,8000.0,0,0.0,-18725000,-8000.0,488000.0,0,0,0,0,0.0,0.0,0,0,0,0,20011000.0,0,0,0,-18725000.0
ETON,2018-09-30,USD,-2293000.0,0,0,0,0,17000.0,50000.0,0,0.0,-2910000,-50000.0,21960000.0,0,0,0,0,0.0,0.0,0,0,0,0,0.0,0,0,0,-2910000.0
ETTX,2018-09-30,USD,-8621000.0,0,0,0,0,36000.0,322000.0,0,0.0,-8473000,-69000.0,69068000.0,0,0,0,0,0.0,0.0,0,0,0,0,0.0,0,0,0,-8473000.0
EVDY,2014-03-31,USD,2080000.0,0,0,0,0,3558000.0,3476000.0,10935000,0.0,0,-3319000.0,-233000.0,0,0,0,0,0.0,0.0,0,0,0,0,1172000.0,0,-1472000,0,-7759000.0
EVOP,2018-06-30,USD,16127000.0,0,0,0,0,20933000.0,17380000.0,0,-155000.0,-40667000,-43770000.0,25006000.0,0,0,0,0,0.0,0.0,0,0,0,0,0.0,0,-12892000,-10255000,16713000.0
EVVV,2005-06-30,USD,0.0,0,0,0,0,0.0,6119000.0,0,0.0,0,0.0,202700000.0,0,0,0,0,0.0,0.0,0,0,0,0,0.0,0,0,0,0.0
EXA,2012-07-31,USD,1645000.0,0,0,0,0,0.0,226000.0,0,0.0,0,0.0,30238000.0,0,0,0,0,0.0,0.0,0,0,0,0,0.0,0,0,0,882000.0
EXPCU,2019-09-30,USD,-1297.0,0,0,0,0,0.0,0.0,0,0.0,98139,0.0,276820486.0,0,0,0,0,0.0,0.0,0,0,0,0,0.0,0,0,0,98139.0
FAMI,2018-03-31,USD,-3352030.0,0,0,0,0,6460.0,2780.0,0,-376509.0,0,-2780.0,5554140.0,0,0,0,0,0.0,0.0,0,0,0,0,7728000.0,0,0,0,1197690.0
FCB,2014-06-30,USD,44021000.0,0,0,0,0,0.0,443000.0,0,0.0,0,-781206000.0,628578000.0,0,0,0,0,0.0,0.0,0,0,0,0,0.0,0,0,0,9166000.0
FDC,2015-09-30,USD,687000000.0,0,0,0,0,0.0,213000000.0,0,0.0,0,-554000000.0,-109000000.0,0,0,0,0,0.0,0.0,0,0,0,0,0.0,0,0,0,0.0
FEDU,2017-11-30,USD,0.0,0,0,0,0,0.0,0.0,0,0.0,0,0.0,0.0,0,0,0,0,0.0,0.0,0,0,0,0,0.0,0,0,0,1653000.0
FELP,2014-06-30,USD,123473000.0,0,0,0,0,0.0,118398000.0,0,15393000.0,0,-122180000.0,-971000.0,0,0,0,0,-117740000.0,-117740000.0,0,0,0,0,0.0,0,0,0,30354000.0
FGL,2013-12-31,USD,38043000.0,0,0,0,0,24837000.0,2960000.0,-56170000,0.0,0,-938141000.0,455235000.0,0,0,0,0,-42993000.0,-42993000.0,0,0,0,0,0.0,0,-444863000,0,42694000.0
FGXI,2007-09-30,USD,0.0,0,0,0,0,0.0,11220000.0,0,0.0,0,0.0,6398000.0,0,0,0,0,0.0,0.0,0,0,0,0,0.0,0,0,0,0.0
FIO,2011-06-30,USD,0.0,0,0,0,0,0.0,13032000.0,0,0.0,0,0.0,221113000.0,0,0,0,0,0.0,0.0,0,0,0,0,0.0,0,0,0,5764000.0
FIXX,2018-03-31,USD,-20844251.0,0,0,0,0,97338.0,1035109.0,0,0.0,-10043289,6639835.0,-957513.0,0,0,0,0,0.0,0.0,0,0,0,0,-957513.0,0,-5361519,0,-10522772.0
FLLCU,2019-06-30,USD,60185.0,0,0,0,0,0.0,0.0,0,0.0,0,0.0,-250956.0,0,0,0,0,0.0,0.0,0,0,0,0,0.0,0,0,0,-172.0
FLTX,2012-09-30,USD,2003000.0,0,0,0,0,0.0,14811000.0,0,0.0,0,0.0,12856000.0,0,0,0,0,0.0,0.0,0,0,0,0,0.0,0,0,0,1214000.0
FMR,2006-09-30,USD,42828000.0,0,0,0,0,0.0,451000.0,0,0.0,0,0.0,106000.0,0,0,0,0,0.0,0.0,0,0,0,0,0.0,0,0,0,6926000.0
FMTX,2020-06-30,USD,-23406000.0,0,0,0,0,284000.0,25000.0,0,0.0,0,-7234000.0,295258000.0,0,0,0,0,0.0,0.0,0,0,0,0,-20000.0,0,0,0,-25440000.0
FNKO,2017-09-30,USD,-5310000.0,0,0,0,0,0.0,7957000.0,0,20921000.0,8264000,-7957000.0,8245000.0,0,0,0,0,-72777000.0,-72777000.0,0,0,0,0,0.0,0,-5090000,-68000,8264000.0
FOGO,2015-06-30,USD,5482000.0,0,0,0,0,0.0,7034000.0,0,96000.0,0,0.0,7697000.0,0,0,0,0,0.0,0.0,0,0,0,0,0.0,0,0,0,2461000.0
FOUR,2020-06-30,USD,-3000000.0,0,0,0,0,18100000.0,2900000.0,0,400000.0,-75000000,-7100000.0,183900000.0,0,0,0,0,-400000.0,-400000.0,0,0,0,0,0.0,0,0,0,-74000000.0
FPH,2017-03-31,USD,23323000.0,0,0,0,0,547000.0,62000.0,46616000,-51963000.0,-23124000,4492000.0,-7652000.0,0,0,0,0,0.0,0.0,0,0,0,0,-1143000.0,0,20163000,0,-7842000.0
FREQ,2019-09-30,USD,74580000.0,0,0,0,0,214000.0,155000.0,0,0.0,-575000,4638000.0,59387000.0,0,0,0,0,0.0,0.0,0,161000,0,0,62278000.0,0,0,0,-575000.0
FRF,2010-12-31,USD,13102000.0,0,0,0,0,0.0,9191000.0,0,0.0,0,0.0,30148000.0,0,0,0,0,0.0,0.0,0,0,0,0,0.0,0,0,0,4510000.0
FRLN,2020-06-30,USD,-15372000.0,0,0,0,0,0.0,0.0,0,0.0,0,-275500.0,0.0,0,0,0,0,0.0,0.0,0,0,0,0,0.0,0,0,0,0.0
FRSH,2014-04-30,USD,2668000.0,0,0,0,0,2125000.0,547000.0,-250000,42000.0,0,-1317000.0,417000.0,0,0,0,0,0.0,0.0,0,0,0,0,59675000.0,0,1768000,0,-1607000.0
FRTA,2016-09-30,USD,37238000.0,24561000,0,9695000,-104000,5673000.0,27043000.0,14270000,-11430000.0,4368000,-41313000.0,-1649000.0,0,0,0,0,0.0,0.0,0,0,0,0,0.0,0,-5600000,124000,8368000.0
FSACU,2017-06-30,USD,-1238259.0,0,0,0,0,0.0,0.0,0,0.0,0,-152395075.0,22186.0,0,0,0,0,0.0,0.0,0,0,0,0,0.0,0,0,0,-1686.0
FTCH,2018-09-30,USD,-47523000.0,0,0,0,0,11662000.0,6755000.0,0,-12654000.0,0,-16881000.0,777256000.0,0,0,0,0,0.0,0.0,0,0,0,0,0.0,0,0,0,-77255000.0
FTSI,2017-12-31,USD,180000000.0,0,0,0,0,81300000.0,64000000.0,0,-20100000.0,0,-54600000.0,-77600000.0,0,0,0,0,0.0,0.0,0,0,0,0,0.0,0,0,0,92900000.0
FTSV,2018-06-30,USD,-18871000.0,0,0,0,0,97000.0,106000.0,0,0.0,0,18997000.0,-1693000.0,0,0,0,0,0.0,0.0,0,0,0,0,0.0,0,0,0,-16722000.0
FUEL,2013-09-30,USD,0.0,0,0,0,0,0.0,10050000.0,0,0.0,0,0.0,127584000.0,0,0,0,0,0.0,0.0,0,0,0,0,0.0,0,0,0,0.0
FULC,2019-06-30,USD,-12074000.0,0,0,0,0,514000.0,221000.0,0,0.0,-13169000,-221000.0,-529000.0,0,0,0,0,0.0,0.0,0,220000,0,0,0.0,0,0,0,-13169000.0
FUSN,2020-06-30,USD,-6197000.0,0,0,0,0,98000.0,168000.0,0,0.0,0,-168000.0,257840000.0,0,0,0,0,0.0,0.0,0,0,0,0,0.0,0,0,0,-44733000.0
FUTU,2019-03-31,HKD,-781134000.0,0,0,0,0,0.0,0.0,0,0.0,0,28095000.0,1033300000.0,0,0,0,0,0.0,0.0,0,0,0,0,0.0,0,0,0,45541000.0
FVCB,2018-09-30,USD,4231000.0,0,0,0,0,122000.0,135000.0,0,0.0,3385000,-33476000.0,31874000.0,0,0,0,0,0.0,0.0,0,31784000,0,0,0.0,0,0,0,3385000.0
FVRR,2019-06-30,USD,-3354000.0,0,0,0,0,910000.0,503000.0,0,0.0,0,-119894000.0,117731000.0,0,0,0,0,0.0,0.0,0,0,0,0,4881000.0,0,0,0,-9353000.0
GBIO,2020-06-30,USD,-15484000.0,0,0,0,0,825000.0,212000.0,0,0.0,-17731000,-129611000.0,212313000.0,0,0,0,0,0.0,0.0,0,0,0,0,0.0,0,0,0,-17731000.0
GDS,2016-09-30,USD,-100501000.0,0,0,0,0,62617000.0,105635000.0,0,0.0,0,-386874000.0,127063000.0,0,0,0,0,0.0,0.0,0,0,0,0,0.0,0,0,0,-52576000.0
GFL,2020-03-31,USD,-91291000.0,0,0,0,0,122691000.0,100151000.0,0,0.0,0,-1225736000.0,759635000.0,0,0,0,0,0.0,0.0,0,0,0,0,3256708000.0,0,0,0,-277950000.0
GHG,2018-03-31,USD,18476399.81,0,0,0,0,858928.75,9287812.91,0,123426.48,0,25488157.63,125867549.08,0,0,0,0,-6319736.17,-6319736.17,0,0,0,0,54.8,0,0,0,14361732.51
GHIVU,2019-12-31,USD,-87866.0,0,0,0,0,0.0,0.0,0,0.0,-17771,0.0,0.0,0,0,0,0,0.0,0.0,0,0,0,0,0.0,0,0,0,-17771.0
GHSI,2019-03-31,USD,-586085.0,0,0,404755,-70682,14443.0,4815.0,-13116,-54178.0,-977887,-4815.0,94250.0,100000,0,0,0,0.0,0.0,0,0,0,0,31250.0,0,-496650,0,-1385099.0
GH,2018-09-30,USD,-22047000.0,0,0,0,0,2003000.0,5912000.0,0,347000.0,-23508000,24465000.0,796000.0,0,0,0,0,0.0,0.0,0,0,0,0,0.0,0,0,0,-24458000.0
GIMO,2013-06-30,USD,15065000.0,0,0,0,0,0.0,2200000.0,0,1652000.0,0,0.0,89982000.0,0,0,0,0,-7097000.0,-7097000.0,0,0,0,0,0.0,0,0,0,0.0
GI,2015-06-30,USD,0.0,0,0,0,0,0.0,2555000.0,0,875000.0,0,0.0,125808000.0,0,0,0,0,0.0,0.0,0,0,0,0,0.0,0,0,0,0.0
GLBL,2015-06-30,USD,16358000.0,0,0,0,0,0.0,94475000.0,0,0.0,0,0.0,745800000.0,0,0,0,0,0.0,0.0,0,0,0,0,0.0,0,0,0,0.0
GMAB,2019-06-30,DKK,184829000.0,0,0,0,0,0.28,14210000.0,0,0.0,0,-772548000.0,26120000.0,0,0,0,0,0.0,0.0,0,0,0,0,0.0,0,0,0,84885000.0
GMDA,2018-09-30,USD,-5799000.0,0,0,0,0,49000.0,246000.0,0,0.0,0,-396000.0,1300000.0,0,0,0,0,0.0,0.0,0,0,0,0,0.0,0,0,0,-9822000.0
GMHIU,2018-12-31,USD,-122511.0,0,0,0,0,0.0,0.0,0,0.0,-21985,0.0,175000.0,0,0,0,0,0.0,0.0,0,25000,0,0,0.0,0,0,0,-21985.0
GNLN,2019-03-31,USD,-7261668.0,0,0,0,0,684080.0,509110.0,0,6652170.0,-14619110,-972428.0,3641833.0,0,0,0,0,-20559.0,-20559.0,0,0,0,0,-3018750.0,0,-4564710,27553,-17664349.0
GNPX,2018-03-31,USD,-203712.0,0,0,519934,254104,947.0,1469.0,-8006,0.0,-686603,-10452.0,77398.0,0,0,0,0,0.0,0.0,0,0,0,0,0.0,0,-136766,0,-694001.0
GNRT,2015-06-30,USD,56526000.0,0,0,0,0,0.0,57400000.0,0,0.0,0,-226151000.0,193894000.0,0,0,0,0,0.0,0.0,0,0,0,0,197743000.0,0,0,0,19901000.0
GOED,2020-06-30,USD,3702686.0,0,0,0,0,91790.0,0.0,0,-655266.0,0,-7000.0,415766.0,0,0,0,0,0.0,0.0,0,0,0,0,0.0,0,0,0,-4016828.0
GOMO,2013-12-31,USD,11544000.0,0,0,0,0,0.0,2058000.0,0,0.0,0,0.0,102417000.0,0,0,0,0,0.0,0.0,0,0,0,0,0.0,0,0,0,5202000.0
GOOS,2017-03-31,USD,29542552.39,0,0,0,0,4843386.16,11866596.56,0,-4475324.87,0,-20265154.36,-7435589.27,0,0,0,0,0.0,0.0,0,0,0,0,80661759.18,0,0,0,16254788.55
GOSS,2018-12-31,USD,-25023000.0,0,0,0,0,134000.0,322000.0,0,0.0,-38794000,-8681000.0,-2144000.0,0,0,0,0,0.0,0.0,0,0,0,0,303043000.0,0,0,0,-38794000.0
GRCYU,2020-06-30,USD,-336.0,0,0,0,0,0.0,0.0,0,0.0,0,0.0,8579.0,0,0,0,0,0.0,0.0,0,0,0,0,0.0,0,0,0,-1203.0
GRIL,2019-12-31,USD,-1208112.0,700825,0,-182349,-17773,1391990.0,297174.0,-21349,-279.0,-23010130,-588147.0,291807.0,0,0,0,0,0.0,0.0,0,0,0,0,0.0,0,-1504452,0,-23010130.0
GRM,2009-12-31,USD,325469000.0,0,0,0,0,0.0,146011000.0,0,28600000.0,0,0.0,0.0,0,0,0,0,0.0,0.0,0,0,0,0,0.0,0,0,0,0.0
GRNVU,2019-12-31,USD,-56784.0,0,0,0,0,0.0,0.0,0,0.0,0,-57500000.0,58028068.0,0,0,0,0,0.0,0.0,0,0,0,0,2125100.0,0,0,0,-12879.0
GRO,2007-09-30,USD,0.0,0,0,0,0,0.0,0.0,0,0.0,0,0.0,0.0,0,0,0,0,0.0,0.0,0,0,0,0,0.0,0,0,0,6461000.0
GRTX,2019-09-30,USD,-12901000.0,0,0,0,0,75000.0,60000.0,0,0.0,-13351000,12770000.0,-345000.0,0,0,0,0,0.0,0.0,0,0,0,0,0.0,0,0,0,-13351000.0
GSHD,2018-03-31,USD,2574990.0,0,0,0,0,336935.0,334080.0,0,0.0,3768000,-565045.0,-625700.0,0,0,0,0,550000.0,-550000.0,0,0,0,0,0.0,0,1384245,0,3767810.0
GSKY,2018-06-30,USD,74056000.0,0,0,0,0,1067000.0,1915000.0,0,0.0,40816000,-1915000.0,-112148000.0,0,0,0,0,-108381000.0,-108381000.0,0,0,0,0,129000.0,0,0,0,5550000.0
GSX,2019-06-30,CNY,738758000.0,0,0,0,0,0.0,0.0,0,0.0,0,-609230000.0,0.0,0,0,0,0,0.0,0.0,0,0,0,0,0.0,0,0,0,16374000.0
GTES,2017-12-31,USD,170000000.0,0,0,0,0,54000000.0,43300000.0,0,-10400000.0,130200000,-119900000.0,-17100000.0,0,0,0,0,0.0,0.0,0,0,0,0,600000.0,0,0,0,118800000.0
GTH,2020-06-30,CNY,0.0,0,0,0,0,0.0,0.0,0,0.0,0,0.0,0.0,0,0,0,0,0.0,0.0,0,0,0,0,0.0,0,0,0,-2832363000.0
GXGXU,2019-06-30,USD,-194134.0,0,0,0,0,0.0,0.0,0,0.0,634660,-287500000.0,288844283.0,0,0,0,0,0.0,0.0,0,0,0,0,289500000.0,0,1150149,0,634660.0
HABT,2014-12-31,USD,23194000.0,0,0,0,0,8472000.0,24403000.0,0,-243000.0,0,-24403000.0,50556000.0,0,0,0,0,-30351000.0,-30351000.0,0,0,0,0,92400000.0,0,0,0,-32000.0
HAPP,2019-09-30,USD,4471677.0,0,0,0,0,345240.0,61830.0,0,-14451.0,0,-30916.0,1068660.0,0,0,0,0,0.0,0.0,0,0,0,0,0.0,0,0,0,8423300.0
HARP,2018-12-31,USD,-6444000.0,0,0,0,0,197000.0,157000.0,0,0.0,-9731000,-157000.0,68236000.0,0,0,0,0,0.0,0.0,0,0,0,0,89986000.0,0,0,0,-9729000.0
HAWK,2013-03-31,USD,-541805000.0,0,0,0,0,8905000.0,6092000.0,21120000,0.0,0,448753000.0,-2318000.0,0,0,0,0,-83000.0,-83000.0,0,0,0,0,-551000.0,0,-97638000,-2268000,346000.0
HBT,2019-09-30,USD,18350000.0,0,0,0,0,996000.0,774000.0,0,0.0,17437000,77320000.0,-82455000.0,0,0,0,0,-9366000.0,9366000.0,0,0,0,0,0.0,0,0,0,17437000.0
HCCOU,2019-12-31,USD,-271256.0,0,0,0,0,0.0,0.0,0,0.0,0,0.0,251420267.0,0,0,0,0,0.0,0.0,0,0,0,0,0.0,0,0,0,22272.0
HCDI,2020-09-30,USD,-6957600.0,0,0,0,0,199400.0,79300.0,0,0.0,0,105700.0,8871000.0,0,0,0,0,0.0,0.0,0,0,0,0,0.0,0,0,0,-437100.0
HDP,2014-12-31,USD,0.0,0,0,0,0,0.0,6276000.0,0,0.0,0,0.0,264442000.0,0,0,0,0,0.0,0.0,0,0,0,0,0.0,0,0,0,0.0
HHHHU,2018-12-31,USD,-60840.0,0,0,0,0,0.0,0.0,0,0.0,0,0.0,113770.0,0,0,0,0,0.0,0.0,0,0,0,0,25100.0,0,0,0,-60840.0
HHR,2019-03-31,RUB,374765000.0,0,0,0,0,165104000.0,84556000.0,0,0.0,0,-290475000.0,-573941000.0,0,0,0,0,0.0,0.0,0,0,0,0,0.0,0,0,0,209391000.0
HIFR,2014-12-31,USD,82500000.0,0,0,0,0,35080000.0,210791000.0,0,-816000.0,0,-210791000.0,136157000.0,0,0,0,0,-61595000.0,-61595000.0,0,0,0,0,493722000.0,0,0,0,2924000.0
HIRE,2007-06-30,USD,3721000.0,0,0,0,0,0.0,882000.0,0,0.0,0,0.0,0.0,0,0,0,0,0.0,0.0,0,0,0,0,0.0,0,0,0,1900000.0
HKIB,2019-06-30,HKD,168246205.0,0,0,0,0,0.0,0.0,0,0.0,0,-954552557.0,0.0,0,0,0,0,0.0,0.0,0,0,0,0,0.0,0,0,0,219671645.0
HLNE,2017-03-31,USD,4052000.0,0,0,0,0,475000.0,556000.0,0,0.0,16626000,-2365000.0,-23788000.0,0,0,0,0,-80457000.0,-80457000.0,0,0,0,0,204425000.0,0,0,0,612000.0
HOOK,2019-03-31,USD,-12890000.0,0,0,0,0,297000.0,400000.0,0,0.0,-12890000,-400000.0,35157000.0,0,0,0,0,0.0,0.0,0,0,0,0,37274000.0,0,22701000,-773000,-9329000.0
HOTH,2019-03-31,USD,-763955.0,0,0,-54355,75914,302.0,10000.0,0,0.0,-829365,-10000.0,5857500.0,0,0,0,0,0.0,0.0,0,5857500,0,0,5857500.0,0,5083545,0,-829365.0
HPTX,2012-06-30,USD,0.0,0,0,0,0,0.0,13000.0,0,0.0,0,33000.0,16743000.0,0,0,0,0,0.0,0.0,0,0,0,0,0.0,0,0,0,0.0
HUD,2017-12-31,USD,130800000.0,0,0,0,0,108500000.0,79600000.0,0,-26900000.0,0,-86100000.0,-95800000.0,0,0,0,0,0.0,0.0,0,0,0,0,0.0,0,0,0,-40400000.0
HUIZ,2019-12-31,CNY,-27307000.0,0,0,0,0,1061000.0,2421000.0,0,0.0,0,-2449000.0,18916000.0,0,0,0,0,0.0,0.0,0,0,0,0,0.0,0,0,0,-7545000.0
HUYA,2018-03-31,USD,0.0,0,0,0,0,0.0,0.0,0,0.0,0,0.0,0.0,0,0,0,0,0.0,0.0,0,0,0,0,0.0,0,0,0,5000716.5
HYRE,2018-06-30,USD,-277395.0,0,0,0,0,1515440.0,474.0,0,0.0,-5042285,44526.0,11290269.0,0,0,0,0,0.0,0.0,0,0,0,0,892688.0,0,11057400,0,-5042285.0
IBEX,2020-06-30,USD,18066000.0,0,0,0,0,6012000.0,761000.0,0,0.0,0,-640000.0,-11045000.0,0,0,0,0,0.0,0.0,0,0,0,0,0.0,0,0,0,-3805000.0
ICEL,2013-06-30,USD,0.0,0,0,0,0,0.0,293000.0,0,0.0,0,0.0,9619000.0,0,0,0,0,0.0,0.0,0,0,0,0,0.0,0,0,0,0.0
ICLK,2017-12-31,USD,-13881000.0,0,0,0,0,1363000.0,148000.0,0,0.0,0,-19931000.0,25546000.0,0,0,0,0,0.0,0.0,0,0,0,0,28465000.0,0,0,0,-24619000.0
IDYA,2019-06-30,USD,-10272000.0,0,0,0,0,298000.0,449000.0,0,0.0,-10656000,11411000.0,51674000.0,0,0,0,0,0.0,0.0,0,0,0,0,50848000.0,0,0,0,-10656000.0
IFRX,2017-09-30,USD,-3193000.0,0,0,0,0,31000.0,79000.0,0,0.0,0,-50000.0,1771000.0,0,0,0,0,0.0,0.0,0,0,0,0,116473000.0,0,0,0,-4057000.0
IGMS,2019-09-30,USD,-15380000.0,0,0,0,0,1360000.0,589000.0,0,0.0,-10172000,-58363000.0,224650000.0,0,0,0,0,0.0,0.0,0,0,0,0,269343000.0,0,0,0,-10172000.0
IIIV,2018-06-30,USD,5414000.0,0,0,0,0,3000000.0,304000.0,0,0.0,-655000,-850000.0,-2497000.0,0,0,0,0,0.0,0.0,0,0,0,0,89729000.0,0,0,0,-564000.0
IMAB,2019-12-31,CNY,-215989000.0,0,0,0,0,4372000.0,7624000.0,0,0.0,0,77334000.0,113296000.0,0,0,0,0,0.0,0.0,0,0,0,0,183536000.0,0,0,0,-348570000.0
IMDZ,2014-06-30,USD,-10899000.0,0,0,0,0,0.0,117000.0,0,2000.0,0,-117000.0,-1368000.0,0,0,0,0,0.0,0.0,0,0,0,0,0.0,0,0,0,-14349000.0
IMPR,2014-06-30,USD,0.0,0,0,0,0,0.0,1354000.0,0,0.0,0,0.0,78506000.0,0,0,0,0,0.0,0.0,0,0,0,0,0.0,0,0,0,0.0
IMS,2014-03-31,USD,0.0,0,0,0,0,0.0,33000000.0,0,0.0,0,0.0,0.0,0,0,0,0,0.0,0.0,0,0,0,0,0.0,0,0,0,0.0
INAQU,2020-09-30,USD,-300113.0,0,0,0,0,0.0,0.0,0,0.0,0,0.0,0.0,0,0,0,0,0.0,0.0,0,0,0,0,0.0,0,0,0,-83615.0
INDO,2019-12-31,USD,-119594.0,0,0,0,0,0.0,0.0,0,0.0,0,-388357.0,0.0,0,0,0,0,0.0,0.0,0,0,0,0,0.0,0,0,0,0.0
INDUU,2017-06-30,USD,-1284851.0,0,0,0,0,0.0,0.0,0,0.0,0,-233920000.0,20000.0,0,0,0,0,0.0,0.0,0,0,0,0,0.0,0,0,0,-874.0
INMD,2019-06-30,USD,18501000.0,0,0,0,0,74000.0,86000.0,0,-524000.0,0,-8597000.0,15000.0,0,0,0,0,0.0,0.0,0,0,0,0,137000.0,0,0,0,15797000.0
INSP,2018-03-31,USD,7748000.0,0,0,0,0,90000.0,7000.0,-399000,-276000.0,-6501000,425000.0,8185000.0,0,0,0,0,0.0,0.0,0,0,0,0,185000.0,0,2192000,0,-6501000.0
INSUU,2019-03-31,USD,-158616.0,0,0,0,0,0.0,0.0,0,0.0,-3233,-150650000.0,151701947.0,0,0,0,0,0.0,0.0,0,148030000,0,0,148030000.0,0,893331,0,-3233.0
INVH,2016-12-31,USD,2417000.0,0,0,0,0,267681000.0,184000.0,0,0.0,-26649000,43748000.0,-122186000.0,0,0,0,0,-136000.0,-136000.0,0,0,0,0,139529000.0,0,-76021000,0,-26649000.0
INVN,2011-12-31,USD,33563000.0,0,0,0,0,0.0,1669000.0,0,0.0,0,0.0,69482000.0,0,0,0,0,0.0,0.0,0,0,0,0,0.0,0,0,0,10576000.0
IQ,2018-03-31,USD,84068784.33,0,0,0,0,604524639.76,28337234.3,0,0.0,0,-1020920945.78,1102337871.19,0,0,0,0,0.0,0.0,0,0,0,0,0.0,0,0,0,-63003423.29
ISS,2010-12-31,USD,1499000.0,0,0,0,0,0.0,11662000.0,0,0.0,0,0.0,139838000.0,0,0,0,0,0.0,0.0,0,0,0,0,0.0,0,0,0,0.0
ITEK,2015-03-31,USD,0.0,0,0,0,0,0.0,0.0,0,0.0,0,0.0,51514000.0,0,0,0,0,0.0,0.0,0,0,0,0,0.0,0,0,0,0.0
ITRM,2018-06-30,USD,-12930000.0,0,0,0,0,33000.0,32000.0,0,0.0,0,-28987000.0,88659000.0,0,0,0,0,0.0,0.0,0,0,0,0,106328000.0,0,0,0,-15747000.0
JFIN,2019-03-31,CNY,0.0,0,0,0,0,0.0,0.0,0,0.0,0,0.0,0.0,0,0,0,0,0.0,0.0,0,0,0,0,0.0,0,0,0,254215000.0
JFKKU,2019-04-30,USD,-76110.0,0,0,0,0,0.0,0.0,0,0.0,0,-57500000.0,57737520.0,0,0,0,0,0.0,0.0,0,0,0,0,56250100.0,0,0,0,-74590.0
JG,2018-06-30,USD,0.0,0,0,0,0,0.0,0.0,0,0.0,0,0.0,0.0,0,0,0,0,0.0,0.0,0,0,0,0,0.0,0,0,0,-1774745.05
JMEI,2014-06-30,USD,0.0,0,0,0,0,0.0,0.0,0,0.0,0,0.0,0.0,0,0,0,0,0.0,0.0,0,0,0,0,0.0,0,0,0,19178000.0
JMIA,2019-03-31,EUR,-39300000.0,0,0,0,0,1700000.0,700000.0,0,-1700000.0,0,-700000.0,71200000.0,0,0,0,0,0.0,0.0,0,0,0,0,75000000.0,0,0,0,-45700000.0
JPEP,2014-09-30,USD,23710000.0,0,0,0,0,0.0,34344000.0,0,3813000.0,0,0.0,7046000.0,0,0,0,0,0.0,0.0,0,0,0,0,0.0,0,0,0,0.0
JT,2017-12-31,USD,-28099000.0,0,0,0,0,5769000.0,2893000.0,0,0.0,0,-18823000.0,247745000.0,0,0,0,0,0.0,0.0,0,0,0,0,1611903000.0,0,0,0,-202125000.0
KAACU,2017-03-31,GBP,-163580.0,0,0,0,0,0.0,0.0,0,0.0,0,-188660560.0,189332606.0,0,0,0,0,0.0,0.0,0,0,0,0,188660560.0,0,0,0,-366635.0
KALA,2017-06-30,USD,-8847000.0,0,0,0,0,0.0,37000.0,0,0.0,-10986000,-62000.0,-765000.0,0,0,0,0,0.0,0.0,0,0,0,0,0.0,0,0,0,0.0
KANG,2014-03-31,USD,34303000.0,0,0,0,0,0.0,35838000.0,0,0.0,0,0.0,29342000.0,0,0,0,0,0.0,0.0,0,0,0,0,0.0,0,0,0,0.0
KC,2020-03-31,CNY,93887000.0,0,0,0,0,0.0,0.0,0,0.0,0,-294953000.0,138900000.0,0,0,0,0,0.0,0.0,0,0,0,0,0.0,0,0,0,-331341000.0
KH,2010-06-30,USD,0.0,0,0,0,0,0.0,0.0,0,0.0,0,0.0,0.0,0,0,0,0,0.0,0.0,0,0,0,0,0.0,0,0,0,4108000.0
KING,2014-03-31,USD,164176000.0,0,0,0,0,0.0,6301000.0,0,0.0,0,0.0,114082000.0,0,0,0,0,-217116000.0,-217116000.0,0,0,0,0,0.0,0,0,0,127199000.0
KITE,2014-06-30,USD,0.0,0,0,0,0,0.0,1002000.0,0,0.0,0,0.0,188600000.0,0,0,0,0,0.0,0.0,0,0,0,0,0.0,0,0,0,0.0
KNSA,2018-06-30,USD,-17917000.0,0,0,0,0,12000.0,236000.0,0,0.0,0,-73912000.0,156397000.0,0,0,0,0,0.0,0.0,0,0,0,0,0.0,0,0,0,-20259000.0
KREF,2017-03-31,USD,7672000.0,0,0,0,0,-98000.0,0.0,-1249000,0.0,10633000,-234719000.0,284825000.0,0,0,0,0,-8455000.0,8455000.0,0,0,0,0,146571000.0,0,57778000,0,10377000.0
KRKR,2019-09-30,CNY,0.0,0,0,0,0,0.0,0.0,0,0.0,0,0.0,0.0,0,0,0,0,0.0,0.0,0,0,0,0,0.0,0,0,0,-11153000.0
KRTX,2019-06-30,USD,-9573000.0,0,0,0,0,12000.0,53000.0,0,0.0,-15140000,-64521000.0,314000.0,0,0,0,0,0.0,0.0,0,0,0,0,74887000.0,0,0,0,-15140000.0
KRUS,2019-08-31,USD,2555000.0,0,0,0,0,628000.0,3038000.0,0,71000.0,916000,-3547000.0,37771000.0,0,0,0,0,0.0,0.0,0,0,0,0,43422000.0,0,0,0,916000.0
KRYS,2017-09-30,USD,-1763000.0,0,0,0,0,0.0,51000.0,0,0.0,0,-51000.0,52461000.0,0,0,0,0,0.0,0.0,0,0,0,0,43162000.0,0,0,0,-5273000.0
KTWO,2014-03-31,USD,-9183000.0,0,0,0,0,9772000.0,658000.0,-508000,-6075000.0,0,-2734000.0,15631000.0,0,0,0,0,0.0,0.0,0,0,0,0,1939000.0,0,3727000,13000,-14747000.0
KYAK,2012-06-30,USD,20876000.0,0,0,0,0,0.0,1162000.0,0,0.0,0,0.0,0.0,0,0,0,0,0.0,0.0,0,0,0,0,0.0,0,0,0,7288000.0
KYTH,2012-09-30,USD,0.0,0,0,0,0,0.0,147000.0,0,0.0,0,0.0,0.0,0,0,0,0,0.0,0.0,0,0,0,0,0.0,0,0,0,0.0
KZR,2018-06-30,USD,-6949000.0,0,0,0,0,194000.0,720000.0,0,0.0,-7089000,-17122000.0,78970000.0,0,0,0,0,0.0,0.0,0,0,0,0,78782000.0,0,0,0,-6775000.0
LAIX,2018-09-30,USD,0.0,0,0,0,0,0.0,0.0,0,0.0,0,0.0,0.0,0,0,0,0,0.0,0.0,0,0,0,0,0.0,0,0,0,-20736799.2
LAUR,2016-12-31,USD,184570000.0,0,0,0,0,264879000.0,240258000.0,-239385000,-17594000.0,38464000,269234000.0,-445722000.0,0,0,0,0,-1505000.0,-1505000.0,0,0,0,0,253000.0,0,-16506000,-8972000,41308000.0
LBRT,2017-12-31,USD,80002000.0,0,0,0,0,25642000.0,311794000.0,0,13684000.0,57681000,-58746000.0,-26080000.0,0,0,0,0,0.0,0.0,0,0,0,0,39794000.0,0,-4824000,0,57681000.0
LDIS,2004-06-30,USD,1613000.0,0,0,0,0,0.0,188000.0,0,0.0,0,1312000.0,76776000.0,0,0,0,0,0.0,0.0,0,0,0,0,0.0,0,0,0,6212000.0
LDRH,2013-09-30,USD,0.0,0,0,0,0,0.0,2613000.0,0,29000.0,0,0.0,0.0,0,0,0,0,0.0,0.0,0,0,0,0,0.0,0,0,0,0.0
LEGH,2018-12-31,USD,2977000.0,0,0,0,0,228000.0,1361000.0,0,-805000.0,2778000,845000.0,-1672000.0,0,0,0,0,0.0,0.0,0,0,0,0,48000000.0,0,0,0,2778000.0
LEGN,2020-06-30,USD,-56885000.0,0,0,0,0,0.0,0.0,0,0.0,0,-9212000.0,0.0,0,0,0,0,0.0,0.0,0,0,0,0,0.0,0,0,0,-134876000.0
LEVI,2019-02-24,USD,146451000.0,2778000,0,-30128000,-13139000,28559000.0,36149000.0,-69672000,48120000.0,146451000,-80211000.0,-55000000.0,886000,3088000,3088000,0,55000000.0,-55000000.0,0,0,0,0,-3088000.0,0,91451000,0,146577000.0
LFACU,2018-06-30,USD,-196951.0,0,0,0,0,0.0,0.0,0,0.0,-235011,-158355000.0,159454891.0,0,0,0,0,0.0,0.0,0,0,0,0,0.0,0,902940,0,-235011.0
LINX,2019-06-30,BRL,35836000.0,0,0,0,0,31590000.0,47271000.0,0,0.0,0,6221000.0,741705000.0,0,0,0,0,-25000000.0,-25000000.0,0,0,0,0,0.0,0,0,0,12468000.0
LIVKU,2019-12-31,USD,-84321.0,0,0,0,0,0.0,0.0,0,0.0,0,0.0,81113063.0,0,0,0,0,0.0,0.0,0,0,0,0,0.0,0,0,0,-67402.0
LIZI,2019-12-31,CNY,-38191000.0,0,0,0,0,4021000.0,3865000.0,0,0.0,0,-3865000.0,0.0,0,0,0,0,0.0,0.0,0,0,0,0,0.0,0,0,0,-28950000.0
LI,2020-06-30,CNY,451711000.0,0,0,0,0,0.0,0.0,0,0.0,0,0.0,0.0,0,0,0,0,0.0,0.0,0,0,0,0,0.0,0,0,0,-75162000.0
LMNS,2014-03-31,USD,4003000.0,0,0,0,0,0.0,919000.0,0,0.0,0,0.0,68887000.0,0,0,0,0,0.0,0.0,0,0,0,0,0.0,0,0,0,0.0
LMPX,2019-12-31,USD,-4107292.0,0,0,0,0,275536.0,26109.0,0,2137258.0,-537558,-52312.0,8593987.0,0,0,0,0,0.0,0.0,0,0,0,0,0.0,0,4434383,0,-572195.0
LN,2016-06-30,USD,115429000.0,0,0,0,0,1266000000.0,27077000.0,0,3692000.0,0,1167000000.0,85111000000.0,0,0,0,0,0.0,0.0,0,0,0,0,0.0,0,0,0,25991000.0
LOCK,2012-09-30,USD,40721000.0,0,0,0,0,0.0,3506000.0,0,0.0,0,0.0,166279000.0,0,0,0,0,0.0,0.0,0,0,0,0,0.0,0,0,0,7868000.0
LOGC,2018-09-30,USD,-4311000.0,0,0,0,0,10000.0,347000.0,0,0.0,-4669000,-312000.0,-764000.0,0,0,0,0,0.0,0.0,0,0,0,0,0.0,0,0,3000,-4669000.0
LOMA,2017-09-30,USD,90285000.0,0,0,0,0,156716508.0,53576000.0,0,221340113.0,0,-278671978.0,-758495661.0,0,0,0,0,-25248000.0,-25248000.0,0,0,0,0,1866725717.0,0,0,0,14430000.0
LOVE,2018-08-05,USD,-7706740.0,0,0,0,0,718502.0,3259666.0,0,-6386197.0,-6969600,-3423745.0,57400650.0,0,0,0,0,0.0,0.0,0,0,0,0,0.0,0,46270165,0,-6969600.0
LPDX,2012-12-31,USD,7597000.0,0,0,0,0,0.0,8015000.0,0,0.0,0,0.0,12815000.0,0,0,0,0,0.0,0.0,0,0,0,0,0.0,0,0,0,193000.0
LQDA,2018-06-30,USD,-7221454.0,0,0,0,0,401080.0,372912.0,0,0.0,0,-372912.0,-767361.0,0,0,0,0,0.0,0.0,0,0,0,0,25322060.0,0,0,0,-6268924.0
LRE,2011-09-30,USD,70176000.0,0,0,0,0,0.0,42645000.0,0,0.0,0,0.0,0.0,0,0,0,0,-42579000.0,-42579000.0,0,0,0,0,0.0,0,0,0,25582000.0
LTRN,2020-06-30,USD,-490870.0,0,0,0,0,666.0,0.0,0,0.0,-833422,-7821.0,23662787.0,0,0,0,0,0.0,0.0,0,0,0,0,0.0,0,0,0,-833422.0
LX,2017-12-31,USD,255495000.0,0,0,0,0,18859000.0,5817000.0,0,659000.0,0,-5423884000.0,678052000.0,0,0,0,0,0.0,0.0,0,0,0,0,651250000.0,0,0,0,15912000.0
LYFT,2019-03-31,USD,-84827000.0,0,0,0,0,23135000.0,25126000.0,0,0.0,-1138473000,670324000.0,-788167000.0,0,0,0,0,0.0,0.0,0,0,0,0,1601000.0,0,0,0,-1138473000.0
LYRA,2020-03-31,USD,-4017000.0,0,0,0,0,8000.0,8000.0,0,0.0,-4232000,-8000.0,29464000.0,0,0,0,0,0.0,0.0,0,0,0,0,30392000.0,0,0,0,-4232000.0
MBIN,2017-09-30,USD,215242000.0,0,0,0,0,0.0,536000.0,0,0.0,10467000,-193032000.0,128046000.0,0,0,0,0,1908000.0,-5684000.0,0,0,0,0,0.0,0,150256000,0,10467000.0
MB,2015-06-30,USD,-9426000.0,0,0,0,0,0.0,6531000.0,0,0.0,0,-8743000.0,90413000.0,0,0,0,0,0.0,0.0,0,0,0,0,0.0,0,0,0,-8849000.0
MCACU,2020-06-30,USD,-93236.0,0,0,0,0,0.0,0.0,0,0.0,0,0.0,59056314.0,0,0,0,0,0.0,0.0,0,0,0,0,0.0,0,0,0,-19600.0
MCOX,2010-09-30,USD,0.0,0,0,0,0,0.0,0.0,0,0.0,0,0.0,0.0,0,0,0,0,0.0,0.0,0,0,0,0,0.0,0,0,0,797000.0
MCRN,2015-06-30,USD,-9700000.0,0,0,0,0,0.0,26800000.0,0,21800000.0,0,-26000000.0,35000000.0,0,0,0,0,-144600000.0,-144600000.0,0,0,0,0,285700000.0,0,0,0,-43100000.0
MCUR,2014-06-30,USD,0.0,0,0,0,0,0.0,106000.0,0,0.0,0,0.0,0.0,0,0,0,0,0.0,0.0,0,0,0,0,0.0,0,0,0,0.0
MDRR,2018-12-31,USD,-259600.0,0,0,0,0,555804.0,368024.0,0,0.0,0,-418261.0,1358314.0,0,0,0,0,-391176.0,-391176.0,0,0,0,0,9289100.0,0,0,0,-1418849.0
MEC,2019-03-31,USD,4828000.0,0,0,0,0,7650000.0,8151000.0,0,470000.0,2459000,-8142000.0,6580000.0,0,0,0,0,0.0,0.0,0,0,0,0,0.0,0,-3061000,0,2459000.0
MEG,2020-06-30,USD,7394000.0,0,0,0,0,17344000.0,3315000.0,0,0.0,13224000,-172309000.0,213412000.0,0,0,0,0,0.0,0.0,0,0,0,0,173685000.0,0,0,0,13224000.0
MEP,2013-09-30,USD,425900000.0,0,0,0,0,0.0,206600000.0,0,0.0,0,0.0,0.0,0,0,0,0,-206300000.0,-206300000.0,0,0,0,0,0.0,0,0,0,0.0
MERU,2010-03-31,USD,0.0,0,0,0,0,0.0,97000.0,0,86000.0,0,0.0,0.0,0,0,0,0,0.0,0.0,0,0,0,0,0.0,0,0,0,0.0
MFRM,2011-12-31,USD,81675000.0,0,0,0,0,0.0,34356000.0,0,0.0,0,0.0,4140000.0,0,0,0,0,0.0,0.0,0,0,0,0,0.0,0,0,0,17372000.0
MGP,2016-04-24,USD,0.0,0,0,0,0,0.0,0.0,0,0.0,-84383000,0.0,0.0,0,0,0,0,0.0,0.0,0,0,0,0,0.0,0,0,0,0.0
MGTA,2018-06-30,USD,-9109000.0,0,0,0,0,160000.0,685000.0,0,0.0,-13660000,-2453000.0,143529000.0,0,0,0,0,0.0,0.0,0,0,0,0,0.0,0,0,0,-13660000.0
MGTX,2018-06-30,USD,-19029382.0,0,0,0,0,556243.0,107564.0,0,0.0,-26680994,-107564.0,89068042.0,0,0,0,0,0.0,0.0,0,0,0,0,69750000.0,0,0,0,-29980832.0
MIME,2015-12-31,USD,19244000.0,0,0,0,0,0.0,10775000.0,0,0.0,0,0.0,65026000.0,0,0,0,0,0.0,0.0,0,0,0,0,0.0,0,0,0,0.0
MIRM,2019-06-30,USD,-8017000.0,0,0,0,0,88000.0,0.0,0,0.0,-13557000,-58401000.0,58760000.0,0,0,0,0,0.0,0.0,0,0,0,0,59977000.0,0,0,0,-13557000.0
MIST,2019-03-31,USD,-14733000.0,0,0,0,0,3000.0,18000.0,0,0.0,0,-34989000.0,25000.0,0,0,0,0,0.0,0.0,0,0,0,0,25000.0,0,0,0,-10452000.0
MITO,2019-03-31,USD,0.0,0,0,0,0,0.0,0.0,0,0.0,0,0.0,0.0,0,0,0,0,0.0,0.0,0,0,0,0,0.0,0,0,0,-43178000.0
MKD,2019-12-31,CNY,-62409000.0,0,0,0,0,658000.0,154000.0,0,-411000.0,0,-154000.0,44930000.0,0,0,0,0,0.0,0.0,0,0,0,0,0.0,0,0,0,-60326000.0
MKTO,2013-06-30,USD,0.0,0,0,0,0,0.0,5863000.0,0,0.0,0,0.0,88842000.0,0,0,0,0,0.0,0.0,0,0,0,0,0.0,0,0,0,0.0
MMDMU,2017-03-31,USD,-3.46,0,0,0,0,0.0,0.0,0,0.0,0,-1876834.69,72.3,0,0,0,0,0.0,0.0,0,0,0,0,0.0,0,0,0,5.52
MM,2012-03-31,USD,-6693000.0,0,0,0,0,447000.0,588000.0,-1808000,0.0,0,-588000.0,-293000.0,0,0,0,0,0.0,0.0,0,0,0,0,52000.0,0,-7569000,5000,-3973000.0
MNPR,2019-12-31,USD,-668705.0,0,0,304229,-109878,0.0,0.0,0,0.0,-1224895,0.0,9386869.0,0,0,0,0,0.0,0.0,0,0,0,0,10332220.0,0,8719389,0,-1206859.0
MOBI,2010-12-31,USD,0.0,0,0,0,0,0.0,0.0,0,0.0,0,0.0,0.0,0,0,0,0,0.0,0.0,0,0,0,0,0.0,0,0,0,27902000.0
MOGU,2018-12-31,CNY,89501.32,0,0,0,0,212808.38,26572.62,0,-15151.44,0,-241654.79,1308323.83,0,0,0,0,0.0,0.0,0,0,0,0,0.0,0,0,0,-129544.62
MOHO,2019-09-30,USD,0.0,0,0,0,0,0.0,0.0,0,0.0,0,0.0,0.0,0,0,0,0,0.0,0.0,0,0,0,0,0.0,0,0,0,1977000.0
MONT,2013-09-30,USD,23102000.0,0,0,0,0,0.0,1160000.0,0,957000.0,0,0.0,0.0,0,0,0,0,0.0,0.0,0,0,0,0,0.0,0,0,0,8041000.0
MORF,2019-06-30,USD,-14068000.0,0,0,0,0,199000.0,497000.0,0,0.0,-9433000,17681000.0,-1833000.0,0,0,0,0,0.0,0.0,0,0,0,0,0.0,0,0,0,-9433000.0
MPACU,2017-03-31,USD,-46761.0,0,0,0,0,0.0,0.0,0,0.0,0,-325074631.0,326129911.0,0,0,0,0,0.0,0.0,0,0,0,0,0.0,0,0,0,-25279.0
MPSX,2015-09-30,USD,33019000.0,0,0,0,0,0.0,12321000.0,0,933000.0,0,0.0,0.0,0,0,0,0,0.0,0.0,0,0,0,0,0.0,0,0,0,13007000.0
MRD,2014-06-30,USD,177747000.0,0,0,0,0,0.0,467835000.0,0,0.0,0,0.0,244234000.0,0,0,0,0,0.0,0.0,0,0,0,0,0.0,0,0,0,0.0
MRSN,2017-06-30,USD,-9689000.0,0,0,0,0,229000.0,-143000.0,0,0.0,-8947000,-44109000.0,-1664000.0,0,0,0,0,0.0,0.0,0,0,0,0,0.0,0,0,0,-8946000.0
MRUS,2016-06-30,USD,-6000000.0,0,0,0,0,0.0,194000.0,0,0.0,0,0.0,55958000.0,0,0,0,0,0.0,0.0,0,0,0,0,0.0,0,0,0,-5000000.0
MSBI,2016-06-30,USD,-25234000.0,0,0,0,0,0.0,1001000.0,0,0.0,6790000,-185197000.0,121322000.0,23365000,0,0,0,-4272000.0,2135000.0,0,0,0,0,71698000.0,0,-39050000,0,6789000.0
MSC,2018-09-30,USD,0.0,0,0,0,0,0.0,0.0,0,0.0,0,0.0,0.0,0,0,0,0,0.0,0.0,0,0,0,0,0.0,0,0,0,-8094000.0
MTC,2018-12-31,USD,-1870350.0,0,0,0,0,27310.0,23860.0,0,0.0,0,-66310.0,1848890.0,0,0,0,0,0.0,0.0,0,0,0,0,1666870.0,0,0,0,-2349000.0
MUDSU,2017-12-31,USD,-165.0,0,0,0,0,0.0,0.0,0,0.0,0,0.0,75000.0,0,0,0,0,0.0,0.0,0,0,0,0,75000.0,0,0,0,-8352.0
MULE,2017-03-31,USD,-215000.0,0,0,0,0,954000.0,1361000.0,0,0.0,0,15213000.0,237646000.0,0,0,0,0,0.0,0.0,0,0,0,0,237646000.0,0,0,0,-10141000.0
MVNR,2013-09-30,USD,0.0,0,0,0,0,0.0,1962000.0,0,0.0,0,0.0,20017000.0,0,0,0,0,0.0,0.0,0,0,0,0,0.0,0,0,0,0.0
MWK,2019-06-30,USD,-4366000.0,0,0,0,0,40000.0,11000.0,0,-2514000.0,-16879000,-11000.0,30937000.0,0,0,0,0,0.0,0.0,0,0,0,0,30902000.0,0,0,0,-16879000.0
MXPT,2015-03-31,USD,1756000.0,0,0,0,0,2127000.0,1561000.0,9655000,0.0,0,-2822000.0,53452000.0,0,0,0,0,0.0,0.0,0,0,0,0,69759000.0,0,52384000,-2000,-8121000.0
MYCC,2013-09-30,USD,66820000.0,0,0,0,0,0.0,42066000.0,0,0.0,0,0.0,0.0,0,0,0,0,-35000000.0,-35000000.0,0,0,0,0,0.0,0,0,0,0.0
MYFW,2018-06-30,USD,-10141000.0,0,0,0,0,577000.0,125000.0,0,0.0,1048000,-20913000.0,52442000.0,0,0,0,0,-562000.0,-562000.0,562000,0,0,0,1909000.0,0,0,0,1048000.0
MYOV,2016-09-30,USD,-687000.0,0,0,0,0,0.0,0.0,0,0.0,0,0.0,760000.0,0,0,0,0,0.0,0.0,0,0,0,0,0.0,0,0,0,-53683000.0
MY,2010-09-30,USD,0.0,0,0,0,0,0.0,0.0,0,0.0,0,0.0,0.0,0,0,0,0,0.0,0.0,0,0,0,0,0.0,0,0,0,26824000.0
NAP,2014-09-30,USD,15029000.0,0,0,0,0,0.0,0.0,0,0.0,0,0.0,20782000.0,0,0,0,0,0.0,0.0,0,0,0,0,0.0,0,0,0,0.0
NBACU,2019-12-31,USD,-175.0,0,0,0,0,0.0,0.0,0,0.0,0,0.0,-5149.0,0,0,0,0,0.0,0.0,0,0,0,0,25000.0,0,0,0,-175.0
NBLX,2016-09-30,USD,33564000.0,0,0,0,0,2290000.0,6600000.0,0,0.0,22367000,-4336000.0,2783000.0,0,0,0,0,-42480000.0,-42480000.0,0,0,0,0,0.0,0,32011000,0,21138000.0
NCFT,2013-09-30,USD,21119000.0,0,0,0,0,0.0,5813000.0,0,0.0,0,0.0,0.0,0,0,0,0,0.0,0.0,0,0,0,0,0.0,0,0,0,0.0
NCNA,2017-09-30,USD,-1935000.0,0,0,0,0,37000.0,364000.0,0,0.0,0,-389000.0,-911000.0,0,0,0,0,0.0,0.0,0,0,0,0,39977000.0,0,0,0,-13658000.0
NCNO,2020-07-31,USD,23477000.0,0,0,0,0,1757000.0,1861000.0,0,0.0,0,-1861000.0,268002000.0,0,0,0,0,0.0,0.0,0,0,0,0,0.0,0,0,0,-14646000.0
NCOM,2015-03-31,USD,2548000.0,962000,0,-1902000,157000,111000.0,332000.0,-24000,0.0,2387000,-32818000.0,62509000.0,0,0,0,0,539000.0,0.0,0,0,0,0,34495000.0,0,26472000,0,1921000.0
NCSM,2017-03-31,USD,6304000.0,0,0,0,0,6586000.0,1581000.0,11848000,521000.0,6348000,-6382000.0,-2385000.0,0,0,0,0,0.0,0.0,0,0,0,0,-583000.0,0,-6295000,-92000,6550000.0
NDRM,2014-09-30,USD,0.0,0,0,0,0,0.0,120000.0,0,0.0,0,0.0,7819000.0,0,0,0,0,0.0,0.0,0,0,0,0,0.0,0,0,0,0.0
NEFF,2014-12-31,USD,94086000.0,0,0,0,0,0.0,162192000.0,0,0.0,0,0.0,33644000.0,0,0,0,0,0.0,0.0,0,0,0,0,0.0,0,0,0,1599000.0
NEOT,2014-12-31,USD,0.0,0,0,0,0,0.0,18000.0,0,0.0,0,0.0,81174000.0,0,0,0,0,0.0,0.0,0,0,0,0,0.0,0,0,0,0.0
NETS,2017-03-31,USD,-78525000.0,0,0,0,0,8091000.0,684000.0,0,-38952000.0,0,-2251000.0,17006000.0,0,0,0,0,0.0,0.0,0,0,0,0,424533000.0,0,0,0,-37508000.0
NEWA,2017-06-30,USD,1172000.0,0,0,0,0,46927.0,741180.0,0,-2465164.0,0,-161472.0,-396986.0,0,0,0,0,0.0,0.0,0,0,0,0,3555663.0,0,0,0,16000.0
NEW,2018-06-30,USD,0.0,0,0,0,0,0.0,0.0,0,0.0,0,0.0,0.0,0,0,0,0,0.0,0.0,0,0,0,0,0.0,0,0,0,-28255848.83
NEXA,2017-09-30,USD,315781000.0,0,0,0,0,65160000.0,130740000.0,0,11621000.0,0,-4264000.0,-163320000.0,0,0,0,0,-45010000.0,-45010000.0,0,0,0,0,306431000.0,0,0,0,69695000.0
NFE,2018-12-31,USD,-40071000.0,0,0,0,0,1258000.0,68290000.0,9870000,-3195000.0,-34763000,-72320000.0,145040000.0,0,0,0,0,0.0,0.0,0,0,0,0,0.0,0,0,0,-34729000.0
NGM,2019-03-31,USD,-9342000.0,0,0,0,0,1508000.0,1766000.0,3669000,0.0,-9342000,2493000.0,-3000.0,0,0,0,0,0.0,0.0,0,0,0,0,-3000.0,0,-9610000,0,-8268000.0
NHWK,2005-12-31,USD,11529000.0,0,0,0,0,0.0,2842000.0,0,0.0,0,0.0,0.0,0,0,0,0,-13000000.0,-13000000.0,0,0,0,0,0.0,0,0,0,0.0
NIO,2018-09-30,USD,-247092838.74,0,0,0,0,20358135.95,110382302.84,0,-93185808.5,0,-465216119.03,1041395856.69,0,0,0,0,0.0,0.0,0,0,0,0,0.0,0,0,0,-1420437479.07
NITE,2017-09-30,USD,-9707000.0,0,0,0,0,51000.0,52000.0,0,0.0,0,-52000.0,-1604000.0,0,0,0,0,0.0,0.0,0,0,0,0,38837500.0,0,0,0,-8211000.0
NIU,2018-09-30,USD,0.0,0,0,0,0,0.0,0.0,0,0.0,0,0.0,0.0,0,0,0,0,0.0,0.0,0,0,0,0,0.0,0,0,0,-314238.52
NKTX,2020-06-30,USD,-10241460.0,0,0,0,0,140703.0,2486757.0,0,0.0,0,2813243.0,8813665.0,0,0,0,0,0.0,0.0,0,0,0,0,0.0,0,0,0,-51065117.0
NMBL,2013-10-31,USD,0.0,0,0,0,0,0.0,8152000.0,0,0.0,0,0.0,6415000.0,0,0,0,0,0.0,0.0,0,0,0,0,0.0,0,0,0,0.0
NMRK,2017-12-31,USD,342669000.0,0,0,0,0,89115000.0,5736000.0,0,711395000.0,-45538000,11497000.0,-370305000.0,0,0,0,0,-101731000.0,-101731000.0,0,0,0,0,304290000.0,0,0,0,-46171000.0
NNOX,2020-09-30,USD,-3440000.0,0,0,0,0,0.0,0.0,0,0.0,0,-1280000.0,0.0,0,0,0,0,0.0,0.0,0,0,0,0,0.0,0,0,0,-11055000.0
NORD,2014-02-28,USD,0.0,0,0,0,0,0.0,0.0,0,0.0,0,0.0,10800000.0,0,0,0,0,0.0,0.0,0,0,0,0,0.0,0,0,0,14600000.0
NOVA,2019-06-30,USD,-31264000.0,0,0,0,0,11631000.0,95894000.0,0,0.0,-49807000,-124730000.0,176203000.0,0,0,0,0,0.0,0.0,0,-484000,0,0,-256000.0,0,0,0,-50738000.0
NTGN,2018-06-30,USD,-14623000.0,0,0,0,0,362000.0,817000.0,0,0.0,0,8983000.0,92012000.0,0,0,0,0,0.0,0.0,0,0,0,0,0.0,0,0,0,-18899000.0
NTI,2012-06-30,USD,99900000.0,0,0,0,0,0.0,12400000.0,0,4000000.0,0,0.0,0.0,0,0,0,0,-40000000.0,-40000000.0,0,0,0,0,0.0,0,0,0,245600000.0
NTST,2020-06-30,USD,905000.0,0,0,0,0,3116000.0,0.0,0,0.0,-405000,-141477000.0,-1320000.0,0,0,0,0,-6000.0,-6000.0,0,0,0,0,0.0,0,0,0,-294000.0
NVET,2014-12-31,USD,0.0,0,0,0,0,0.0,176000.0,0,0.0,0,0.0,24000.0,0,0,0,0,0.0,0.0,0,0,0,0,0.0,0,0,0,0.0
NVLS,2015-06-30,USD,0.0,0,0,0,0,0.0,87000.0,0,0.0,0,0.0,80876000.0,0,0,0,0,0.0,0.0,0,0,0,0,0.0,0,0,0,0.0
NXTC,2019-03-31,USD,-7080000.0,0,0,0,0,563000.0,935000.0,0,0.0,-6155000,-935000.0,2970000.0,0,0,0,0,0.0,0.0,0,4000,0,0,4000.0,0,0,0,-6155000.0
NYLD,2013-06-30,USD,-11000000.0,0,0,0,0,0.0,182000000.0,0,0.0,0,-144000000.0,227000000.0,0,0,0,0,0.0,0.0,0,0,0,0,0.0,0,0,0,4000000.0
OCFT,2019-12-31,CNY,-344181000.0,0,0,0,0,1.49,101756000.0,0,0.0,0,-1716686000.0,2213173000.0,0,0,0,0,0.0,0.0,0,0,0,0,2137257000.0,0,0,0,-619375000.0
ODT,2017-12-31,USD,-14075000.0,0,0,0,0,10000.0,15000.0,0,0.0,-15746000,-15000.0,137691000.0,0,0,0,0,0.0,0.0,0,0,0,0,221447000.0,0,0,0,-15746000.0
OILT,2011-06-30,USD,19363000.0,0,0,0,0,0.0,12248000.0,0,0.0,0,0.0,0.0,0,0,0,0,-2000000.0,-2000000.0,0,0,0,0,0.0,0,0,0,7616000.0
OMP,2017-09-30,USD,29092000.0,0,0,0,0,4147000.0,57047000.0,0,94000.0,14509000,-57047000.0,27955000.0,0,0,0,0,-113712000.0,-113712000.0,0,0,0,0,0.0,0,0,0,13427000.0
ONCE,2014-12-31,USD,10386000.0,0,0,0,0,169790.0,11697000.0,0,0.0,0,-11696962.0,75878000.0,0,0,0,0,0.0,0.0,0,0,0,0,271516259.0,0,0,0,-24324809.0
OPRA,2018-06-30,USD,6820000.0,0,0,0,0,3051000.0,2616000.0,0,0.0,0,-2426000.0,169463000.0,0,0,0,0,0.0,0.0,0,0,0,0,0.0,0,0,0,7411000.0
OPTM,2006-10-31,USD,211000.0,0,0,0,0,0.0,930000.0,0,0.0,0,0.0,0.0,0,0,0,0,0.0,0.0,0,0,0,0,0.0,0,0,0,2759000.0
OPWR,2014-03-31,USD,-2133000.0,0,0,0,0,1347000.0,2038000.0,-3067000,0.0,0,-2038000.0,871000.0,0,0,0,0,0.0,0.0,0,0,0,0,955000.0,0,-3336000,-36000,-6980000.0
OPXT,2007-03-31,USD,0.0,0,0,0,0,0.0,3142000.0,0,0.0,0,0.0,117673000.0,0,0,0,0,0.0,0.0,0,0,0,0,0.0,0,0,0,909000.0
ORCC,2019-06-30,USD,-170859000.0,0,0,0,0,0.0,0.0,0,0.0,0,0.0,1230125000.0,0,0,0,0,-44496000.0,-44496000.0,0,0,0,0,2330510000.0,0,0,0,124670000.0
ORIC,2020-03-31,USD,-8279000.0,0,0,0,0,250000.0,4000.0,0,0.0,-8872000,189000.0,-1627000.0,0,0,0,0,0.0,0.0,0,0,0,0,12000.0,0,0,0,-8872000.0
ORSNU,2019-06-30,USD,-103.0,0,0,0,0,0.0,0.0,0,0.0,-103,0.0,-85406.0,0,0,0,0,0.0,0.0,0,0,0,0,0.0,0,-85509,0,-103.0
ORTX,2018-09-30,USD,-30911000.0,0,0,0,0,370000.0,887000.0,0,0.0,0,-887000.0,147119000.0,0,0,0,0,0.0,0.0,0,0,0,0,0.0,0,0,0,-33888000.0
OSH,2020-06-30,USD,-6337000.0,0,0,0,0,5178000.0,8043000.0,0,0.0,0,-4661000.0,204970000.0,0,0,0,0,0.0,0.0,0,0,0,0,224363000.0,0,0,0,-42199000.0
OSP,2007-09-30,USD,18072000.0,0,0,0,0,0.0,31418000.0,0,0.0,0,0.0,13301000.0,0,0,0,0,0.0,0.0,0,0,0,0,0.0,0,0,0,0.0
OSS,2017-12-31,USD,-678566.0,0,0,0,0,836274.0,307959.0,0,1256803.0,-228726,-307959.0,683658.0,0,0,0,0,0.0,0.0,0,0,0,0,105502.0,0,0,0,-120676.0
PAGS,2017-12-31,USD,136957000.0,0,0,0,0,51571000.0,2377000.0,0,-40586000.0,0,-207233000.0,-259584000.0,0,0,0,0,-16386000.0,-16386000.0,0,0,0,0,0.0,0,0,0,52950000.0
PAND,2020-06-30,USD,-9302000.0,0,0,0,0,103000.0,495000.0,0,0.0,-9237000,-495000.0,47864000.0,0,0,0,0,0.0,0.0,0,0,0,0,-136000.0,0,0,0,-9237000.0
PATH,2010-06-30,USD,0.0,0,0,0,0,0.0,25000.0,0,0.0,0,0.0,14186000.0,0,0,0,0,0.0,0.0,0,0,0,0,0.0,0,0,0,0.0
PBTS,2019-03-31,USD,0.0,0,0,0,0,0.0,0.0,0,0.0,0,0.0,0.0,0,0,0,0,0.0,0.0,0,0,0,0,0.0,0,0,0,-1442525.0
PCAP,2005-06-30,USD,1441000.0,0,0,0,0,0.0,4000.0,0,0.0,0,0.0,13897000.0,0,0,0,0,0.0,0.0,0,0,0,0,0.0,0,0,0,308000.0
PCVX,2020-06-30,USD,-9172000.0,0,0,0,0,355000.0,55000.0,0,0.0,0,-55000.0,264482000.0,0,0,0,0,0.0,0.0,0,0,0,0,0.0,0,0,0,-20320000.0
PDD,2018-06-30,USD,54124775.04,0,0,0,0,50926814.64,2007198.56,0,0.0,0,-43663767.25,-568236.35,0,0,0,0,0.0,0.0,0,0,0,0,0.0,0,0,0,-973888422.32
PDH,2012-03-31,USD,75749000.0,0,0,0,0,0.0,6148000.0,0,9154000.0,0,0.0,0.0,0,0,0,0,-250000000.0,-250000000.0,0,0,0,0,0.0,0,0,0,0.0
PETZ,2017-09-30,USD,-774124.0,0,0,0,0,94753.0,99585.0,0,222305.0,0,-167645.0,1857978.0,0,0,0,0,0.0,0.0,0,0,0,0,2862404.0,0,0,0,-213978.0
PFHD,2019-12-31,USD,5640000.0,0,0,0,0,421000.0,729000.0,0,0.0,988000,-22236000.0,85051000.0,0,0,0,0,0.0,0.0,0,244000,0,0,0.0,0,0,0,988000.0
PGEM,2013-06-30,USD,-27031000.0,0,0,0,0,14216000.0,4704000.0,-46845000,-1011000.0,0,-103973000.0,146887000.0,0,0,0,0,0.0,0.0,0,0,0,0,353407000.0,0,16771000,888000,-50877000.0
PGND,2015-06-30,USD,37531000.0,0,0,0,0,0.0,15179000.0,0,0.0,0,0.0,0.0,0,0,0,0,-8500000.0,-8500000.0,0,0,0,0,0.0,0,0,0,0.0
PGNY,2019-09-30,USD,5879000.0,0,0,0,0,535000.0,420000.0,0,0.0,-8210000,-420000.0,1907000.0,0,0,0,0,0.0,0.0,0,0,0,0,-182000.0,0,0,0,-8210000.0
PHAS,2018-09-30,USD,-3576000.0,0,0,0,0,28000.0,3000.0,0,0.0,-7901000,-3000.0,19186000.0,0,0,0,0,0.0,0.0,0,0,0,0,0.0,0,15607000,0,-7901000.0
PHAT,2019-09-30,USD,-7108000.0,0,0,0,0,2000.0,26000.0,0,0.0,-68112000,-26000.0,-1299000.0,0,0,0,0,0.0,0.0,0,0,0,0,-1299000.0,0,0,0,-68112000.0
PING,2019-09-30,USD,410000.0,0,0,0,0,8219000.0,2187000.0,0,0.0,-595000,-5255000.0,3925000.0,0,0,0,0,0.0,0.0,0,0,0,0,0.0,0,0,0,-595000.0
PLMR,2019-03-31,USD,22307000.0,0,0,0,0,6975000.0,27000.0,0,0.0,22307000,3630000.0,-5120000.0,0,0,0,0,-5120000.0,-5120000.0,0,0,0,0,0.0,0,0,0,-14411000.0
PLYM,2017-06-30,USD,1339000.0,0,0,0,0,0.0,0.0,0,0.0,0,-627000.0,30279000.0,0,0,0,0,0.0,0.0,0,0,0,0,0.0,0,0,0,-11158000.0
PMII,2007-09-30,USD,0.0,0,0,0,0,0.0,1301000.0,0,0.0,0,0.0,22255000.0,0,0,0,0,0.0,0.0,0,0,0,0,0.0,0,0,0,0.0
PNG,2010-03-31,USD,10170000.0,0,0,0,0,0.0,20580000.0,0,0.0,0,0.0,14000000.0,0,0,0,0,0.0,0.0,0,0,0,0,0.0,0,0,0,3123000.0
PPD,2019-12-31,USD,119224000.0,0,0,0,0,66934000.0,36026000.0,-18857000,0.0,18294000,-37680000.0,-168810000.0,0,1274000,0,0,-1246000000.0,-1246000000.0,0,0,0,0,-1274000.0,0,0,0,16750000.0
PRFX,2020-09-30,USD,-1121000.0,0,0,0,0,0.0,0.0,0,0.0,0,-5000.0,0.0,0,0,0,0,0.0,0.0,0,0,0,0,0.0,0,0,0,0.0
PRNB,2018-09-30,USD,6324000.0,0,0,0,0,69000.0,87000.0,0,0.0,6683000,-30786000.0,163576000.0,0,0,0,0,0.0,0.0,0,0,0,0,1253000.0,0,0,0,6683000.0
PRT,2018-03-31,USD,0.0,0,0,0,0,0.0,0.0,0,0.0,0,0.0,0.0,0,0,0,0,0.0,0.0,0,0,0,0,0.0,0,0,0,3835771.0
PRVL,2019-06-30,USD,-10129000.0,0,0,0,0,56175.0,1282000.0,0,0.0,-15103000,-1282000.0,113239000.0,0,0,0,0,0.0,0.0,0,0,0,0,166255000.0,0,0,0,-15103000.0
PSDO,2017-03-31,USD,96300000.0,0,0,0,0,0.0,86800000.0,0,24200000.0,0,-76000000.0,-25500000.0,0,0,0,0,0.0,0.0,0,0,0,0,247500000.0,0,0,0,-6000000.0
PSMI,2012-06-30,USD,22934000.0,0,0,0,0,0.0,6126000.0,0,0.0,0,0.0,13988000.0,0,0,0,0,0.0,0.0,0,0,0,0,0.0,0,0,0,0.0
PSNL,2019-06-30,USD,-10902000.0,0,0,0,0,1100000.0,1841000.0,0,-654000.0,-5869000,-1841000.0,142777000.0,0,0,0,0,0.0,0.0,0,0,0,0,144644000.0,0,0,0,-5869000.0
PSN,2019-03-31,USD,21160000.0,0,0,0,0,30591000.0,11041000.0,0,0.0,21160000,-301059000.0,210623000.0,0,0,0,0,-52093000.0,-52093000.0,0,0,0,0,-813000.0,0,0,0,9741000.0
PSTL,2019-03-31,USD,517313.0,0,0,0,0,485992.0,11840.0,109044,0.0,257076,-656960.0,272042.0,0,0,0,0,-1218036.0,-1218036.0,0,0,0,0,0.0,0,132395,0,257076.0
PS,2018-06-30,USD,-5793000.0,0,0,0,0,5499000.0,2706000.0,0,0.0,-43796000,-3441000.0,190615000.0,0,0,0,0,0.0,0.0,0,0,0,0,0.0,0,0,0,-31090000.0
PTACU,2019-12-31,USD,-282840.0,0,0,0,0,0.0,0.0,0,0.0,0,-172500000.0,174195740.0,0,0,0,0,0.0,0.0,0,0,0,0,178225000.0,0,0,0,32110.0
PTHN,2016-07-31,USD,2500000.0,0,0,0,0,-49700000.0,163100000.0,0,0.0,0,-68000000.0,569600000.0,0,0,0,0,0.0,0.0,0,0,0,0,584800000.0,0,0,0,8800000.0
PTXP,2015-06-30,USD,0.0,0,0,0,0,0.0,162483000.0,0,0.0,0,0.0,176082000.0,0,0,0,0,0.0,0.0,0,0,0,0,0.0,0,0,0,0.0
PT,2018-09-30,USD,0.0,0,0,0,0,0.0,0.0,0,0.0,0,0.0,0.0,0,0,0,0,0.0,0.0,0,0,0,0,0.0,0,0,0,3372000.0
PVTL,2018-04-30,USD,4451000.0,0,0,0,0,4755000.0,1879000.0,0,0.0,0,1355000.0,565841000.0,0,0,0,0,0.0,0.0,0,0,0,0,0.0,0,0,0,-32515000.0
PYPD,2020-06-30,USD,0.0,0,0,0,0,0.0,0.0,0,0.0,0,0.0,0.0,0,0,0,0,0.0,0.0,0,0,0,0,0.0,0,0,0,-16993000.0
QD,2017-09-30,USD,350860000.0,0,0,0,0,5790986.0,11298011.0,0,0.0,0,1042099000.0,-1093516000.0,0,0,0,0,0.0,0.0,0,0,0,0,5339532767.0,0,0,0,100522000.0
QEPM,2013-06-30,USD,63400000.0,0,0,0,0,0.0,7500000.0,0,0.0,0,0.0,0.0,0,0,0,0,-8300000.0,-8300000.0,0,0,0,0,0.0,0,0,0,16400000.0
QFIN,2018-12-31,CNY,-399455.87,0,0,0,0,3287.78,5254.3,0,0.0,0,-456823.0,-783821.76,0,0,0,0,0.0,0.0,0,0,0,0,29458912.88,0,0,0,5108799.14
QH,2020-06-30,CNY,0.0,0,0,0,0,0.0,0.0,0,0.0,0,0.0,0.0,0,0,0,0,0.0,0.0,0,0,0,0,0.0,0,0,0,20660000.0
QK,2019-09-30,CNY,-32500000.0,0,0,0,0,55895000.0,66590000.0,0,0.01,0,-63743000.0,-105817000.0,0,0,0,0,0.0,0.0,0,0,0,0,0.0,0,0,0,-125116000.0
QRE,2010-12-31,USD,95662000.0,0,0,0,0,0.0,949937000.0,0,0.0,0,0.0,905926000.0,0,0,0,0,0.0,0.0,0,0,0,0,0.0,0,0,0,0.0
QTNA,2016-09-30,USD,1709000.0,0,0,0,0,343000.0,1621000.0,0,-2819000.0,0,-1054000.0,443000.0,0,0,0,0,0.0,0.0,0,0,0,0,-184000.0,0,0,0,22000.0
QTRX,2017-12-31,USD,-4402000.0,0,0,0,0,482000.0,339000.0,0,1008000.0,-7382000,-339000.0,65733000.0,0,0,0,0,0.0,0.0,0,0,0,0,65806000.0,0,0,0,-7382000.0
QTT,2018-09-30,USD,0.0,0,0,0,0,0.0,0.0,0,0.0,0,0.0,0.0,0,0,0,0,0.0,0.0,0,0,0,0,0.0,0,0,0,-150038955.73
RALY,2013-04-30,USD,1357000.0,0,0,0,0,0.0,2142000.0,0,0.0,0,0.0,89680000.0,0,0,0,0,0.0,0.0,0,0,0,0,0.0,0,0,0,0.0
RAPT,2019-09-30,USD,-12139000.0,0,0,0,0,342000.0,76000.0,0,0.0,-9967000,-76000.0,663000.0,0,0,0,0,0.0,0.0,0,0,0,0,15161000.0,0,0,0,-9971000.0
RARX,2016-09-30,USD,-12819000.0,0,0,0,0,0.0,4494000.0,0,0.0,0,-4358000.0,28987000.0,0,0,0,0,0.0,0.0,0,0,0,0,0.0,0,0,0,-17976000.0
RCPT,2013-03-31,USD,-7462000.0,0,0,0,0,-328000.0,0.0,0,0.0,0,0.0,20347000.0,0,0,0,0,0.0,0.0,0,0,0,0,20347000.0,0,12885000,0,-9649000.0
RCUS,2018-03-31,USD,-13247000.0,0,0,0,0,800000.0,1054000.0,-29000,0.0,-13180000,-16491000.0,129428000.0,0,0,0,0,0.0,0.0,0,0,0,0,126124000.0,0,99690000,0,-12954000.0
RDA,2010-09-30,USD,0.0,0,0,0,0,0.0,0.0,0,0.0,0,0.0,0.0,0,0,0,0,0.0,0.0,0,0,0,0,0.0,0,0,0,8251000.0
REAL,2019-06-30,USD,-23603000.0,0,0,0,0,3185000.0,6299000.0,0,2136000.0,-26875000,-7626000.0,-3968000.0,0,0,0,0,0.0,0.0,0,0,0,0,71550000.0,0,0,0,-26875000.0
REDU,2017-09-30,USD,198410000.0,0,0,0,0,13154000.0,10063000.0,0,-250000.0,0,-283479000.0,-43331000.0,0,0,0,0,0.0,0.0,0,0,0,0,32593000.0,0,0,0,4667000.0
REPL,2018-06-30,USD,-6859000.0,0,0,0,0,33000.0,116000.0,0,0.0,-10044000,4890000.0,-195000.0,0,0,0,0,0.0,0.0,0,0,0,0,-195000.0,0,-2895000,-731000,-10044000.0
REST,2006-06-30,USD,0.0,0,0,0,0,0.0,96000.0,0,221000.0,0,0.0,31807000.0,0,0,0,0,0.0,0.0,0,0,0,0,0.0,0,0,0,0.0
RETO,2017-12-31,USD,2534920.0,0,0,0,0,1566740.0,4639000.0,0,312339.0,0,-7374000.0,13999050.0,0,0,0,0,0.0,0.0,0,0,0,0,19700000.0,0,0,0,6646790.0
REYN,2019-12-31,USD,257000000.0,0,0,0,0,28000000.0,35000000.0,0,-58000000.0,90000000,-35000000.0,-135000000.0,0,0,0,0,0.0,0.0,0,0,0,0,0.0,0,0,0,90000000.0
RGDO,2013-09-30,USD,0.0,0,0,0,0,0.0,77000.0,0,0.0,0,0.0,51210000.0,0,0,0,0,0.0,0.0,0,0,0,0,0.0,0,0,0,0.0
RICE,2013-12-31,USD,33672000.0,0,0,0,0,0.0,465387000.0,0,0.0,0,0.0,447988000.0,0,0,0,0,0.0,0.0,0,0,0,0,0.0,0,0,0,0.0
RIGP,2014-06-30,USD,104000000.0,0,0,0,0,0.0,2000000.0,0,0.0,0,0.0,0.0,0,0,0,0,0.0,0.0,0,0,0,0,0.0,0,0,0,50000000.0
RKT,2020-06-30,USD,-2303310000.0,0,0,0,0,32304000.0,42221000.0,0,0.0,3461211000,-3949000.0,2107923000.0,0,0,0,0,0.0,0.0,0,0,0,0,-1590711000.0,0,0,0,3461647000.0
RKUS,2012-12-31,USD,28092000.0,0,0,0,0,0.0,7531000.0,0,0.0,0,0.0,104216000.0,0,0,0,0,0.0,0.0,0,0,0,0,0.0,0,0,0,1872000.0
RNDY,2011-12-31,USD,182017000.0,0,0,0,0,0.0,66497000.0,0,0.0,0,0.0,0.0,0,0,0,0,0.0,0.0,0,0,0,0,0.0,0,0,0,9170000.0
RNF,2011-09-30,USD,83668000.0,0,0,0,0,0.0,17411000.0,0,0.0,0,0.0,0.0,0,0,0,0,-122811000.0,-122811000.0,0,0,0,0,0.0,0,0,0,3359000.0
RNGR,2017-06-30,USD,-1800000.0,0,0,0,0,4000000.0,3200000.0,0,0.0,-5900000,-3200000.0,5400000.0,0,0,0,0,0.0,0.0,0,0,0,0,0.0,0,400000,0,-6000000.0
ROKA,2014-06-30,USD,0.0,0,0,0,0,0.0,63000.0,0,0.0,0,0.0,3746000.0,0,0,0,0,0.0,0.0,0,0,0,0,0.0,0,0,0,0.0
ROKU,2017-09-30,USD,28962000.0,0,0,0,0,0.0,2085000.0,0,8368000.0,-46235000,-5099000.0,869000.0,0,0,0,0,0.0,0.0,0,0,0,0,0.0,0,0,0,-46235000.0
RPRX,2020-06-30,USD,489004000.0,0,0,0,0,5733000.0,0.0,0,0.0,601976000,-249373000.0,1579432000.0,0,0,0,0,-143579000.0,-143579000.0,0,0,0,0,0.0,0,0,0,442074000.0
RPTX,2020-06-30,USD,36684000.0,0,0,0,0,207000.0,13000.0,0,0.0,0,-13000.0,249026000.0,0,0,0,0,0.0,0.0,0,0,0,0,0.0,0,0,0,-11802000.0
RRMS,2011-12-31,USD,49419000.0,0,0,0,0,0.0,31635000.0,0,44000.0,0,0.0,0.0,0,0,0,0,-135503000.0,-135503000.0,0,0,0,0,0.0,0,0,0,6828000.0
RTLR,2019-06-30,USD,84157000.0,0,0,0,0,10158000.0,51192000.0,0,0.0,46679000,-88594000.0,-3887000.0,0,0,0,0,-726513000.0,-726513000.0,0,0,0,0,721626000.0,0,0,0,4803000.0
RUBY,2018-06-30,USD,-9898000.0,0,0,0,0,275000.0,628000.0,0,0.0,-29943000,-9195000.0,-456000.0,0,0,0,0,0.0,0.0,0,0,0,0,0.0,0,0,0,-29099000.0
RUHN,2019-03-31,CNY,-9384630.0,0,0,0,0,6486230.0,6820390.0,0,66648656.0,0,-6702210.0,88987310.0,0,0,0,0,0.0,0.0,0,0,0,0,10.0,0,0,0,-84923630.0
RVLV,2019-06-30,USD,6759000.0,0,0,0,0,889000.0,4768000.0,0,4801000.0,12741000,-4768000.0,15783000.0,0,0,0,0,0.0,0.0,0,0,0,0,16261000.0,0,0,0,12741000.0
RVMD,2019-12-31,USD,-11652000.0,0,0,0,0,598000.0,510000.0,0,0.0,-14596000,8021000.0,-1534000.0,0,0,0,0,0.0,0.0,0,0,0,0,100260000.0,0,0,0,-14596000.0
RYB,2017-09-30,USD,40100000.0,0,0,0,0,0.0,0.0,0,0.0,0,0.0,0.0,0,0,0,0,0.0,0.0,0,0,0,0,0.0,0,0,0,1588000.0
SAFE,2017-06-30,USD,4199000.0,0,0,0,0,0.0,0.0,0,0.0,-1604000,0.0,358914000.0,0,0,0,0,0.0,0.0,0,0,0,0,0.0,0,0,0,-1604000.0
SALE,2013-06-30,USD,27913000.0,0,0,0,0,0.0,1832000.0,0,0.0,0,0.0,0.0,0,0,0,0,0.0,0.0,0,0,0,0,0.0,0,0,0,5123000.0
SAQNU,2019-12-31,USD,-158870.0,0,0,0,0,0.0,0.0,0,0.0,0,-149500000.0,150752280.0,0,0,0,0,0.0,0.0,0,0,0,0,151275000.0,0,0,0,7340.0
SBT,2017-12-31,USD,-6528000.0,0,0,0,0,311000.0,667000.0,0,3329000.0,6531000,-321502000.0,331986000.0,0,0,0,0,3082000.0,-9635000.0,0,0,0,0,85708000.0,0,0,0,6531000.0
SBY,2012-12-31,USD,1602000.0,0,0,0,0,0.0,0.0,0,0.0,0,0.0,552499000.0,0,0,0,0,0.0,0.0,0,0,0,0,0.0,0,0,0,0.0
SCAI,2013-09-30,USD,130759000.0,0,0,0,0,0.0,26248000.0,0,0.0,0,0.0,0.0,0,0,0,0,-74615000.0,-74615000.0,0,0,0,0,0.0,0,0,0,0.0
SCPH,2017-12-31,USD,-5941000.0,0,0,0,0,17000.0,194000.0,0,0.0,-6880000,-194000.0,92408000.0,0,0,0,0,0.0,0.0,0,0,0,0,92812000.0,0,0,0,-6880000.0
SDC,2019-09-30,USD,-94123000.0,0,0,0,0,6514000.0,28207000.0,0,884000.0,-387564000,-28207000.0,520805000.0,0,0,0,0,0.0,0.0,0,0,0,0,507673000.0,0,0,0,-88296000.0
SDGR,2019-12-31,USD,-11265000.0,0,0,0,0,908000.0,157000.0,0,0.0,-7145000,6377000.0,-1715000.0,0,0,0,0,0.0,0.0,0,0,0,0,30442000.0,0,0,0,-6769000.0
SECO,2017-09-30,USD,0.0,0,0,0,0,0.0,0.0,0,0.0,0,0.0,0.0,0,0,0,0,0.0,0.0,0,0,0,0,0.0,0,0,0,5293000.0
SEMI,2014-06-30,USD,0.0,0,0,0,0,0.0,41900000.0,0,2800000.0,0,0.0,194400000.0,0,0,0,0,0.0,0.0,0,0,0,0,0.0,0,0,0,14300000.0
SE,2017-09-30,USD,-89814000.0,0,0,0,0,40922000.0,67361000.0,0,-5970000.0,0,-50081000.0,199624000.0,0,0,0,0,0.0,0.0,0,0,0,0,960924000.0,0,0,0,-132681000.0
SFS,2014-09-30,USD,100425000.0,0,0,0,0,0.0,87619000.0,0,0.0,0,0.0,45733000.0,0,0,0,0,0.0,0.0,0,0,0,0,0.0,0,0,0,10223000.0
SGH,2017-05-31,USD,-6942000.0,0,0,0,0,0.0,11179000.0,0,31184000.0,0,-10712000.0,-18479000.0,0,0,0,0,0.0,0.0,0,0,0,0,0.0,0,0,0,7958000.0
SGM,2013-09-30,USD,0.0,0,0,0,0,0.0,4967000.0,0,0.0,0,0.0,368462000.0,0,0,0,0,-27000.0,-27000.0,0,0,0,0,0.0,0,0,0,1683000.0
SHP,2010-09-30,USD,0.0,0,0,0,0,0.0,0.0,0,0.0,0,0.0,0.0,0,0,0,0,0.0,0.0,0,0,0,0,0.0,0,0,0,3581000.0
SILK,2019-03-31,USD,-24158000.0,0,0,0,0,174000.0,117000.0,0,2339000.0,-24158000,-117000.0,-744000.0,0,0,0,0,0.0,0.0,0,375000,0,0,405000.0,0,0,0,-24158000.0
SITM,2019-12-31,USD,2496000.0,0,0,0,0,2114000.0,594000.0,0,-777000.0,633000,-992000.0,52682000.0,0,0,0,0,0.0,0.0,0,0,0,0,56353000.0,0,0,0,633000.0
SKIS,2014-10-31,USD,0.0,0,0,0,0,0.0,4497000.0,0,0.0,0,0.0,12419000.0,0,0,0,0,0.0,0.0,0,0,0,0,0.0,0,0,0,0.0
SKUL,2011-06-30,USD,5149000.0,0,0,0,0,0.0,2261000.0,0,0.0,0,0.0,4493000.0,0,0,0,0,0.0,0.0,0,0,0,0,0.0,0,0,0,4258000.0
SLDB,2017-12-31,USD,-13982000.0,0,0,0,0,448000.0,326000.0,0,0.0,-14487000,-2809000.0,77078000.0,0,0,0,0,0.0,0.0,0,0,0,0,0.0,0,0,0,-14487000.0
SLGG,2019-03-31,USD,-3322000.0,0,0,0,0,2769000.0,18000.0,173000,0.0,-16069000,-424000.0,22458000.0,0,0,0,0,0.0,0.0,0,0,0,0,22458000.0,0,18712000,0,-16069000.0
SLGL,2017-12-31,USD,-24089000.0,0,0,0,0,471000.0,1925000.0,0,0.0,0,-5938000.0,28000000.0,0,0,0,0,0.0,0.0,0,0,0,0,0.0,0,0,0,-31568000.0
SNAP,2017-03-31,USD,-308506000.0,0,0,0,0,12450000.0,17993000.0,13444000,0.0,-2208837000,-1014798000.0,2446788000.0,0,0,0,0,0.0,0.0,0,0,0,0,2658391000.0,0,1276993000,0,-2208837000.0
SNDL,2019-06-30,CAD,-9664000.0,0,0,0,0,1501000.0,33437000.0,0,0.0,0,-29002000.0,64095000.0,0,0,0,0,0.0,0.0,0,0,0,0,17987000.0,0,0,0,-12322000.0
SOGO,2017-09-30,USD,142677000.0,0,0,0,0,13256000.0,54443000.0,0,0.0,0,-17544000.0,-909000.0,0,0,0,0,0.0,0.0,0,0,0,0,0.0,0,0,0,30973000.0
SOI,2017-03-31,USD,4481000.0,0,0,0,0,1176000.0,7618000.0,-1011000,451000.0,4782000,-7616000.0,2985000.0,0,0,0,0,0.0,0.0,0,0,0,0,0.0,0,-1790000,0,4782000.0
SONM,2019-03-31,USD,-4528000.0,0,0,0,0,892000.0,82000.0,11379000,7233000.0,-5124000,-191000.0,1522000.0,0,0,0,0,0.0,0.0,0,0,0,0,1645000.0,0,-3197000,0,-5124000.0
SPRO,2017-09-30,USD,-35451000.0,0,0,0,0,94000.0,0.0,0,0.0,-9844000,0.0,41429000.0,0,0,0,0,0.0,0.0,0,0,0,0,0.0,0,0,0,-9836000.0
SQBK,2014-03-31,USD,13028000.0,0,0,0,0,4153000.0,358000.0,0,0.0,0,-51167000.0,130303000.0,0,0,0,0,-62000.0,-62000.0,0,0,0,0,51629000.0,0,92164000,0,7848000.0
SRRK,2018-06-30,USD,-11626000.0,0,0,0,0,180000.0,16000.0,0,0.0,-14707000,24894000.0,78971000.0,0,0,0,0,0.0,0.0,0,0,0,0,0.0,0,0,0,-14707000.0
SRVY,2004-06-30,USD,139000.0,0,0,0,0,0.0,860000.0,0,0.0,0,0.0,0.0,0,0,0,0,0.0,0.0,0,0,0,0,0.0,0,0,0,1727000.0
SSNI,2013-03-31,USD,-8913000.0,0,0,0,0,1677000.0,1323000.0,6539000,-4564000.0,0,-1323000.0,79944000.0,0,0,0,0,0.0,0.0,0,0,0,0,86252000.0,0,69708000,0,-64366000.0
SSPKU,2019-06-30,USD,-5000.0,0,0,0,0,0.0,0.0,0,0.0,0,0.0,5000.0,0,0,0,0,0.0,0.0,0,0,0,0,0.0,0,0,0,-5000.0
STDY,2015-03-31,USD,-4906000.0,0,0,0,0,88000.0,204000.0,0,0.0,0,-28000.0,47660000.0,0,0,0,0,0.0,0.0,0,0,0,0,47801000.0,0,42726000,0,-5556000.0
STG,2018-03-31,USD,0.0,0,0,0,0,0.0,0.0,0,0.0,0,0.0,0.0,0,0,0,0,0.0,0.0,0,0,0,0,0.0,0,0,0,-39095135.74
STIM,2018-06-30,USD,-5100000.0,0,0,0,0,324000.0,216000.0,0,80000.0,-7496000,-216000.0,-494000.0,0,0,0,0,0.0,0.0,0,0,0,0,0.0,0,0,0,-7496000.0
STNE,2018-09-30,USD,20665737.54,0,0,0,0,6084716.66,8168537.37,0,0.0,0,5758691.92,-20000995.5,0,0,0,0,0.0,0.0,0,0,0,0,0.0,0,0,0,22105721.61
STOK,2019-06-30,USD,-6274000.0,0,0,0,0,105000.0,392000.0,0,0.0,-7819000,-392000.0,150638000.0,0,0,0,0,0.0,0.0,0,0,0,0,152014000.0,0,0,0,-7819000.0
STRO,2018-09-30,USD,47573000.0,0,0,0,0,1119000.0,359000.0,0,0.0,-10237000,-81815000.0,50175000.0,0,0,0,0,0.0,0.0,0,0,0,0,0.0,0,15933000,0,-10237000.0
STSA,2019-09-30,USD,-11317000.0,0,0,0,0,38000.0,-19000.0,0,0.0,-8260000,-33899000.0,75259000.0,0,0,0,0,0.0,0.0,0,0,0,0,136693000.0,0,0,0,-8260000.0
STXB,2018-03-31,USD,2261000.0,0,0,0,0,284000.0,1600000.0,351000,789000.0,2013000,-14487000.0,6572000.0,0,0,0,0,0.0,0.0,0,0,0,0,2185000.0,0,-5654000,0,2013000.0
SUPV,2016-06-30,USD,0.0,0,0,0,0,0.0,4121000.0,0,0.0,0,0.0,191511000.0,0,0,0,0,-1708000.0,-1708000.0,0,0,0,0,0.0,0,0,0,10994000.0
SURF,2018-03-31,USD,31043000.0,0,0,0,0,321000.0,480000.0,0,0.0,31043000,5720000.0,102000.0,0,0,0,0,0.0,0.0,0,0,0,0,102000.0,0,36833000,0,31212000.0
SVMK,2018-09-30,USD,11951000.0,0,0,0,0,10361000.0,4002000.0,0,0.0,-102362000,-7392000.0,209170000.0,0,0,0,0,0.0,0.0,0,0,0,0,0.0,0,0,0,-102362000.0
SVN,2009-12-31,USD,36424000.0,0,0,0,0,0.0,47812000.0,0,0.0,0,0.0,62820000.0,0,0,0,0,0.0,0.0,0,0,0,0,0.0,0,0,0,0.0
SWAV,2019-03-31,USD,-14415000.0,0,0,0,0,255000.0,420000.0,0,1883000.0,-12799000,-420000.0,113256000.0,0,0,0,0,0.0,0.0,0,0,0,0,103256000.0,0,0,0,-12799000.0
SWCH,2017-10-10,USD,-86382000.0,0,0,0,0,0.0,284011000.0,0,0.0,-52594000,0.0,170918000.0,0,0,0,0,-174063000.0,-174063000.0,0,0,0,0,0.0,0,-44386000,0,-52594000.0
SWTX,2019-09-30,USD,-11113000.0,0,0,0,0,63000.0,84000.0,0,0.0,-16833000,-84000.0,169731000.0,0,0,0,0,0.0,0.0,0,0,0,0,333688000.0,0,0,0,-16833000.0
SY,2019-03-31,CNY,0.0,0,0,0,0,0.0,0.0,0,0.0,0,0.0,0.0,0,0,0,0,0.0,0.0,0,0,0,0,0.0,0,0,0,45905000.0
TAM,2013-03-31,USD,49000000.0,0,0,0,0,0.0,12000000.0,0,9000000.0,0,0.0,0.0,0,0,0,0,0.0,0.0,0,0,0,0,0.0,0,0,0,8000000.0
TAOM,2011-06-30,USD,0.0,0,0,0,0,0.0,0.0,0,0.0,0,0.0,0.0,0,0,0,0,0.0,0.0,0,0,0,0,0.0,0,0,0,4336000.0
TBRGU,2018-06-30,USD,-2998.0,0,0,0,0,0.0,0.0,0,0.0,4484000,-260580000.0,261750404.0,0,0,0,0,0.0,0.0,0,0,0,0,0.0,0,1167406,0,4484000.0
TDACU,2018-06-30,USD,-248634.0,0,0,0,0,0.0,0.0,0,0.0,97885,0.0,0.0,0,0,0,0,0.0,0.0,0,0,0,0,0.0,0,1267292,0,97885.0
TEAM,2015-12-31,USD,46303000.0,0,0,0,0,0.0,9288000.0,0,0.0,0,0.0,429554000.0,0,0,0,0,0.0,0.0,0,0,0,0,0.0,0,0,0,5065000.0
TEA,2011-07-31,USD,0.0,0,0,0,0,0.0,8848000.0,0,0.0,0,0.0,2881000.0,0,0,0,0,0.0,0.0,0,0,0,0,0.0,0,0,0,1031000.0
TEP,2013-03-31,USD,32021000.0,0,0,0,0,0.0,8943000.0,0,237000.0,0,-5696000.0,-26755000.0,0,0,0,0,-23084000.0,-23084000.0,0,0,0,0,0.0,0,0,0,4468000.0
TFFP,2019-09-30,USD,-3071378.0,0,0,0,0,0.0,0.0,0,0.0,-2838303,0.0,-10167.0,0,0,0,0,0.0,0.0,0,0,0,0,7198230.0,0,0,0,-2838303.0
TFM,2010-10-31,USD,111438000.0,0,0,0,0,0.0,41983000.0,0,0.0,0,0.0,0.0,0,0,0,0,-48110000.0,-48110000.0,0,0,0,0,0.0,0,0,0,0.0
THBRU,2019-06-30,USD,-105.0,0,0,0,0,0.0,0.0,0,0.0,-26355,0.0,5600.0,0,0,0,0,0.0,0.0,0,0,0,0,25000.0,0,0,0,-26355.0
THCAU,2019-06-30,USD,-371.0,0,0,0,0,0.0,0.0,0,0.0,-29,0.0,4515.0,0,0,0,0,0.0,0.0,0,0,0,0,0.0,0,4144,0,-29.0
THCBU,2019-03-31,USD,283325.0,0,0,0,0,0.0,0.0,0,0.0,283325,-276000000.0,276819240.0,0,0,0,0,0.0,0.0,0,0,0,0,277350000.0,0,283325,0,283325.0
THOR,2018-12-31,USD,-7139000.0,0,0,0,0,85000.0,210000.0,0,0.0,0,-210000.0,175091000.0,0,0,0,0,0.0,0.0,0,0,0,0,0.0,0,0,0,-28162000.0
TIBRU,2018-03-31,USD,0.0,0,0,0,0,0.0,0.0,0,0.0,0,0.0,175532392.0,0,0,0,0,0.0,0.0,0,0,0,0,174225000.0,0,0,0,-12500.0
TIGR,2019-03-31,USD,0.0,0,0,0,0,0.0,0.0,0,0.0,0,0.0,0.0,0,0,0,0,0.0,0.0,0,0,0,0,0.0,0,0,0,-2874273.0
TKAI,2014-09-30,USD,0.0,0,0,0,0,0.0,25000.0,0,0.0,0,0.0,88547000.0,0,0,0,0,0.0,0.0,0,0,0,0,0.0,0,0,0,0.0
TKKSU,2018-09-30,0,-129006.0,0,0,0,0,0.0,0.0,0,0.0,0,-250000000.0,250780062.0,0,0,0,0,0.0,0.0,0,0,0,0,25000.0,0,0,0,371210.0
TLMR,2013-12-31,USD,280282000.0,0,0,0,0,0.0,2629000.0,0,180820000.0,0,102392000.0,0.0,0,0,0,0,0.0,0.0,0,0,0,0,0.0,0,0,0,12553000.0
TLND,2016-06-30,USD,594000.0,0,0,0,0,0.0,922000.0,0,0.0,0,0.0,1387000.0,0,0,0,0,0.0,0.0,0,0,0,0,0.0,0,0,0,0.0
TLRY,2018-06-30,USD,-1180000.0,0,0,0,0,19000.0,15381000.0,0,1307000.0,0,13831000.0,2118000.0,0,0,0,0,0.0,0.0,0,0,0,0,0.0,0,0,0,-12833000.0
TMCXU,2018-03-31,USD,0.0,0,0,0,0,0.0,0.0,0,0.0,0,0.0,27750.0,0,0,0,0,0.0,0.0,0,0,0,0,25000.0,0,0,0,-814.0
TMDX,2019-03-31,USD,-7266000.0,0,0,0,0,245000.0,3000.0,0,2468000.0,-6895000,-3000.0,-697000.0,0,0,0,0,0.0,0.0,0,0,0,0,8000.0,0,0,0,-6895000.0
TME,2018-12-31,USD,40833785.1,0,0,0,0,-295896.99,866555.48,0,-84542.0,0,-20078724.56,103268050.72,0,0,0,0,0.0,0.0,0,0,0,0,1125390710.18,0,0,0,-18514697.59
TNGO,2011-06-30,USD,3578000.0,0,0,0,0,0.0,351000.0,0,0.0,0,0.0,8007000.0,0,0,0,0,0.0,0.0,0,0,0,0,0.0,0,0,0,0.0
TNTR,2017-07-31,USD,-22480000.0,0,0,0,0,1695000.0,1378000.0,0,116000.0,0,-9304000.0,55797000.0,0,0,0,0,0.0,0.0,0,0,0,0,0.0,0,0,0,-51667000.0
TOTAU,2018-06-30,USD,-51780.0,0,0,0,0,0.0,0.0,0,0.0,0,0.0,96150.0,0,0,0,0,0.0,0.0,0,0,0,0,96150.0,0,0,0,-53830.0
TRHC,2016-09-30,USD,-4437000.0,0,0,0,0,3415000.0,46000.0,0,-240000.0,-142000,-1671000.0,3602000.0,0,0,0,0,0.0,0.0,0,0,0,0,0.0,0,-2506000,0,-142000.0
TRIV,2014-03-31,USD,0.0,0,0,0,0,0.0,10000.0,0,0.0,0,0.0,6642000.0,0,0,0,0,0.0,0.0,0,0,0,0,0.0,0,0,0,0.0
TRVG,2016-12-31,USD,32866000.0,0,0,0,0,17530000.0,8569000.0,0,0.0,0,-8995000.0,198002000.0,0,0,0,0,0.0,0.0,0,0,0,0,208526000.0,0,0,0,3806000.0
TUBE,2014-06-30,USD,0.0,0,0,0,0,0.0,1883000.0,0,0.0,0,0.0,11377000.0,0,0,0,0,0.0,0.0,0,0,0,0,0.0,0,0,0,2084000.0
TUFN,2019-03-31,USD,11905000.0,0,0,0,0,367000.0,844000.0,0,0.0,0,-854000.0,-219000.0,0,0,0,0,0.0,0.0,0,0,0,0,50000.0,0,0,0,-4448000.0
TUMI,2012-03-31,USD,2261000.0,0,0,0,0,0.0,3496000.0,0,0.0,0,-3496000.0,-1003000.0,0,0,0,0,0.0,0.0,0,0,0,0,-1003000.0,0,-2191000,47000,2897000.0
TVPT,2014-09-30,USD,-11000000.0,0,0,0,0,0.0,83000000.0,0,0.0,0,263000000.0,-280000000.0,0,0,0,0,0.0,0.0,0,0,0,0,0.0,0,0,0,154000000.0
TWST,2018-09-30,USD,-16696000.0,0,0,0,0,1329000.0,1047000.0,0,1776000.0,-19802000,404000.0,6583000.0,0,0,0,0,0.0,0.0,0,0,0,0,0.0,0,0,0,-19802000.0
TW,2019-03-31,USD,42352000.0,0,0,0,0,33503000.0,1516000.0,0,0.0,42352000,-8283000.0,-20000000.0,0,0,0,0,-20000000.0,-20000000.0,0,0,0,0,0.0,0,0,0,42352000.0
TXTR,2013-06-30,USD,0.0,0,0,0,0,0.0,741000.0,0,0.0,0,0.0,77279000.0,0,0,0,0,0.0,0.0,0,0,0,0,0.0,0,0,0,0.0
TZACU,2018-08-31,USD,0.0,0,0,0,0,0.0,0.0,0,0.0,0,0.0,65049000.0,0,0,0,0,0.0,0.0,0,0,0,0,0.0,0,0,0,18000.0
UBER,2019-03-31,USD,-722000000.0,0,0,0,0,146000000.0,129000000.0,0,0.0,-1016000000,204000000.0,-46000000.0,0,0,0,0,0.0,0.0,0,0,0,0,2000000.0,0,0,0,-1012000000.0
UCL,2020-06-30,USD,-2773000.0,0,0,0,0,0.0,0.0,0,0.0,0,-33330000.0,0.0,0,0,0,0,0.0,0.0,0,0,0,0,0.0,0,0,0,-41617000.0
UCP,2013-06-30,USD,0.0,0,0,0,0,0.0,293000.0,0,0.0,0,0.0,7814000.0,0,0,0,0,0.0,0.0,0,0,0,0,0.0,0,0,0,0.0
UPWK,2018-09-30,USD,-18593000.0,0,0,0,0,1287000.0,301000.0,0,0.0,-7346000,-1020000.0,15337000.0,0,0,0,0,0.0,0.0,0,0,0,0,0.0,0,0,0,-7346000.0
URGN,2017-03-31,USD,-3103000.0,0,0,0,0,66000.0,49000.0,0,-146500.0,0,-51500.0,31020000.0,0,0,0,0,0.0,0.0,0,0,0,0,30829000.0,0,0,0,-4808000.0
UROV,2018-09-30,USD,-23583000.0,0,0,0,0,45310.0,46633.0,0,0.0,-24642000,-47000.0,21036000.0,0,0,0,0,0.0,0.0,0,0,0,0,0.0,0,0,0,-24642000.0
USX,2018-06-30,USD,20962000.0,0,0,0,0,22891000.0,35993000.0,0,-106000.0,1035000,-29314000.0,10690000.0,0,0,0,0,0.0,0.0,0,0,0,0,0.0,0,2338000,0,615000.0
UXIN,2018-06-30,USD,0.0,0,0,0,0,0.0,0.0,0,0.0,0,0.0,0.0,0,0,0,0,0.0,0.0,0,0,0,0,0.0,0,0,0,32351829.63
VAPO,2018-09-30,USD,-11511000.0,0,0,0,0,573000.0,1529000.0,0,1887000.0,-9459000,-1529000.0,20607000.0,0,0,0,0,0.0,0.0,0,0,0,0,0.0,0,0,0,-9459000.0
VA,2014-09-30,USD,34594000.0,0,0,0,0,0.0,45362000.0,0,0.0,0,0.0,39563000.0,0,0,0,0,0.0,0.0,0,0,0,0,0.0,0,0,0,41608000.0
VCNX,2018-06-30,USD,-5334000.0,0,0,0,0,56000000.0,14000.0,0,0.0,-6608000,-14000.0,3722000.0,0,0,0,0,0.0,0.0,0,0,0,0,0.0,0,-1626000,0,-6608000.0
VCTR,2017-12-31,USD,36759000.0,0,0,0,0,6570000.0,2477000.0,0,0.0,11209000,-3439000.0,-31947000.0,0,0,0,0,14042000.0,-135171000.0,0,0,0,0,3193000.0,0,1386000,13000,11209000.0
VHS,2011-06-30,USD,276600000.0,0,0,0,0,0.0,206500000.0,0,0.0,0,0.0,947300000.0,0,0,0,0,-447200000.0,-447200000.0,0,0,0,0,0.0,0,0,0,0.0
VIE,2019-09-30,USD,-43546000.0,0,0,0,0,19000.0,416000.0,0,0.0,-48410000,-67852000.0,78107000.0,0,0,0,0,0.0,0.0,0,0,0,0,168273000.0,0,0,0,-48410000.0
VIMC,2005-09-30,USD,0.0,0,0,0,0,0.0,0.0,0,0.0,0,0.0,0.0,0,0,0,0,0.0,0.0,0,0,0,0,0.0,0,0,0,5459000.0
VIR,2019-09-30,USD,-36955000.0,0,0,0,0,900000.0,1257000.0,0,0.0,-48314000,47292000.0,1732000.0,0,0,0,0,0.0,0.0,0,0,0,0,318401000.0,0,0,0,-48314000.0
VISN,2007-12-31,USD,0.0,0,0,0,0,0.0,4338000.0,0,0.0,0,0.0,138823000.0,0,0,0,0,0.0,0.0,0,0,0,0,0.0,0,0,0,5732000.0
VIST,2019-06-30,USD,4870000.0,0,0,0,0,44274000.0,40606000.0,0,-2117000.0,0,-127639000.0,23794000.0,0,0,0,0,0.0,0.0,0,0,0,0,-248000.0,0,0,0,3702000.0
VITC,2009-09-30,USD,14339000.0,0,0,0,0,0.0,4406000.0,0,0.0,0,0.0,39046000.0,0,0,0,0,0.0,0.0,0,0,0,0,0.0,0,0,0,0.0
VITL,2020-06-30,USD,16881000.0,0,0,0,0,498000.0,1119000.0,0,2134000.0,5936000,-1119000.0,-379000.0,0,0,0,0,0.0,0.0,0,0,0,0,0.0,0,0,0,5964000.0
VLP,2013-12-31,USD,60687000.0,0,0,0,0,0.0,13831000.0,0,0.0,0,0.0,328262000.0,0,0,0,0,0.0,0.0,0,0,0,0,0.0,0,0,0,17521000.0
VM,2007-09-30,USD,26787000.0,0,0,0,0,0.0,19144000.0,0,0.0,0,0.0,0.0,0,0,0,0,0.0,0.0,0,0,0,0,0.0,0,0,0,0.0
VNTR,2017-06-30,USD,0.0,0,0,0,0,0.0,40000000.0,0,12000000.0,0,103000000.0,0.0,0,0,0,0,0.0,0.0,0,0,0,0,0.0,0,0,0,31000000.0
VSAR,2014-03-31,USD,-58559000.0,0,0,0,0,0.0,223000.0,0,0.0,0,-343000.0,263824000.0,0,0,0,0,0.0,0.0,0,0,0,0,0.0,0,0,0,-98731000.0
VTAE,2014-09-30,USD,0.0,0,0,0,0,0.0,187000.0,0,0.0,0,4323000.0,46228000.0,0,0,0,0,0.0,0.0,0,0,0,0,0.0,0,0,0,0.0
VTTI,2014-06-30,USD,0.0,0,0,0,0,0.0,0.0,0,0.0,0,0.0,0.0,0,0,0,0,0.0,0.0,0,0,0,0,0.0,0,0,0,5900000.0
VWR,2014-09-30,USD,87200000.0,0,0,0,0,0.0,23300000.0,0,0.0,0,0.0,0.0,0,0,0,0,0.0,0.0,0,0,0,0,0.0,0,0,0,69800000.0
WAAS,2016-09-30,USD,11891000.0,0,0,0,0,0.0,15037000.0,0,958000.0,0,-16472000.0,11779000.0,0,0,0,0,0.0,0.0,0,0,0,0,0.0,0,0,0,-12926000.0
WCIC,2013-06-30,USD,0.0,0,0,0,0,0.0,875000.0,0,0.0,0,0.0,0.0,0,0,0,0,-700000.0,-700000.0,0,0,0,0,0.0,0,0,0,8906000.0
WHD,2017-12-31,USD,15197000.0,0,0,0,0,6295000.0,32074000.0,0,2649000.0,22814000,-9251000.0,-1704000.0,0,0,0,0,-31848000.0,-31848000.0,0,0,0,0,0.0,0,0,0,22814000.0
WIMI,2020-03-31,CNY,5738546.0,0,0,0,0,0.0,0.0,0,0.0,0,-50356753.0,0.0,0,0,0,0,0.0,0.0,0,0,0,0,0.0,0,0,0,0.0
WMZ,2007-12-31,USD,0.0,0,0,0,0,0.0,0.0,0,0.0,0,0.0,0.0,0,0,0,0,0.0,0.0,0,0,0,0,0.0,0,0,0,121061000.0
WNRL,2013-09-30,USD,0.0,0,0,0,0,0.0,56070000.0,0,0.0,0,0.0,110047000.0,0,0,0,0,0.0,0.0,0,0,0,0,0.0,0,0,0,0.0
WORK,2019-07-31,USD,321000.0,0,0,0,0,6781000.0,8192000.0,0,0.0,-359616000,239131000.0,2334000.0,0,0,0,0,0.0,0.0,0,0,0,0,10275000.0,0,0,0,-359562000.0
WOW,2017-06-30,USD,76400000.0,0,0,0,15800000,50800000.0,152000000.0,0,0.0,5000000,-73600000.0,338200000.0,0,0,0,0,0.0,0.0,0,0,0,0,0.0,0,341000000,0,5000000.0
WPT,2013-06-30,USD,24413000.0,0,0,0,0,0.0,28512000.0,0,0.0,0,0.0,3032000.0,0,0,0,0,-8575000.0,-8575000.0,0,0,0,0,0.0,0,0,0,9476000.0
WRD,2016-12-31,USD,22262000.0,0,0,0,0,84808000.0,567312000.0,0,-648000.0,0,-567545000.0,505272000.0,0,0,0,0,0.0,0.0,0,0,0,0,522780000.0,0,0,0,-47076000.0
WSG,2019-06-30,EUR,30704000.0,0,0,0,0,28191846.55,9952428.89,0,0.0,0,-41991000.0,131999000.0,0,0,0,0,0.0,0.0,0,0,0,0,0.0,0,0,0,23446000.0
WSTC,2013-03-31,USD,98666000.0,0,0,0,0,0.0,33542000.0,0,0.0,0,0.0,409581000.0,0,0,0,0,-158000.0,-158000.0,0,0,0,0,0.0,0,0,0,3055000.0
WTTR,2017-03-31,USD,-13547000.0,0,0,0,0,21650000.0,10806000.0,-21157000,0.0,-12280000,-58057000.0,34000000.0,0,0,0,0,0.0,0.0,0,0,0,0,0.0,0,-31993000,0,-4172000.0
WWAV,2012-09-30,USD,148492000.0,0,0,0,0,0.0,66821000.0,0,0.0,0,0.0,0.0,0,0,0,0,0.0,0.0,0,0,0,0,0.0,0,0,0,26292000.0
XNY,2010-12-31,USD,14602000.0,0,0,0,0,13000.0,0.0,0,2037000.0,0,129000.0,79647000.0,0,0,0,0,0.0,0.0,0,0,0,0,79908000.0,0,0,0,15056000.0
XOOM,2013-03-31,USD,-6960000.0,0,0,0,0,650000.0,395000.0,-28641000,0.0,0,-27989000.0,73927000.0,0,0,0,0,0.0,0.0,0,0,0,0,88927000.0,0,38978000,0,-79000.0
XPEV,2020-09-30,CNY,747252000.0,0,0,0,0,0.0,0.0,0,0.0,0,-5924452000.0,0.0,0,0,0,0,0.0,0.0,0,0,0,0,0.0,0,0,0,-1148761000.0
XP,2019-12-31,BRL,-3832413000.0,0,0,0,0,28309000.0,77725000.0,0,0.0,0,-77725000.0,3945326000.0,0,0,0,0,-500000000.0,-500000000.0,0,0,0,0,4482002000.0,0,0,0,381186000.0
XTLY,2015-07-31,USD,0.0,0,0,0,0,0.0,3660000.0,0,0.0,0,0.0,58392000.0,0,0,0,0,0.0,0.0,0,0,0,0,0.0,0,0,0,0.0
XYF,2018-09-30,USD,0.0,0,0,0,0,0.0,0.0,0,0.0,0,0.0,0.0,0,0,0,0,0.0,0.0,0,0,0,0,0.0,0,0,0,28809561.94
YDLE,2014-09-30,USD,558000.0,0,0,0,0,0.0,4003000.0,0,0.0,0,0.0,2093000.0,0,0,0,0,0.0,0.0,0,0,0,0,0.0,0,0,0,0.0
YIN,2016-03-31,USD,0.0,0,0,0,0,0.0,0.0,0,0.0,0,0.0,0.0,0,0,0,0,0.0,0.0,0,0,0,0,0.0,0,0,0,23153000.0
YI,2018-09-30,USD,-24177670.37,0,0,0,0,771156.95,1216643.13,0,-4185531.89,0,-21795483.99,101162777.16,0,0,0,0,0.0,0.0,0,0,0,0,0.0,0,0,0,-18325350.49
YJ,2019-03-31,CNY,0.0,0,0,0,0,0.0,0.0,0,0.0,0,0.0,0.0,0,0,0,0,0.0,0.0,0,0,0,0,0.0,0,0,0,14745000.0
YMAB,2018-09-30,USD,-9188000.0,0,0,0,0,9000.0,53000.0,0,0.0,-11426000,-53000.0,102373000.0,0,0,0,0,0.0,0.0,0,0,0,0,101607000.0,0,0,0,-11426000.0
YOKU,2010-12-31,USD,0.0,0,0,0,0,0.0,6968000.0,0,0.0,0,0.0,267238000.0,0,0,0,0,0.0,0.0,0,0,0,0,0.0,0,0,0,0.0
YRD,2015-12-31,USD,60177000.0,0,0,0,0,3635000.0,2610000.0,0,0.0,0,-282589000.0,117021000.0,0,0,0,0,-605238000.0,-605238000.0,0,0,0,0,499918000.0,0,0,0,13047000.0
YUME,2013-06-30,USD,0.0,0,0,0,0,0.0,1711000.0,0,0.0,0,0.0,0.0,0,0,0,0,0.0,0.0,0,0,0,0,0.0,0,0,0,0.0
ZCMD,2020-03-31,USD,-1186251.0,0,0,0,0,0.0,0.0,0,0.0,0,-70194.0,0.0,0,0,0,0,0.0,0.0,0,0,0,0,0.0,0,0,0,0.0
ZGYHU,2019-12-31,USD,-840.0,0,0,0,0,0.0,0.0,0,0.0,0,0.0,3510.0,0,0,0,0,0.0,0.0,0,0,0,0,0.0,0,0,0,-130.0
ZI,2020-06-30,USD,25300000.0,0,0,0,0,-24200000.0,0.0,0,0.0,-69500000,-4100000.0,-553500000.0,0,0,0,0,0.0,0.0,0,0,0,0,-320500000.0,0,0,0,-19600000.0
ZLAB,2017-09-30,USD,-7345084.0,0,0,0,0,198675.0,2477393.0,0,0.0,0,-3393344.0,79009870.0,0,0,0,0,0.0,0.0,0,0,0,0,80712523.0,0,0,0,-12982346.0
ZNTL,2020-03-31,USD,-16871000.0,0,0,0,0,38000.0,31000.0,0,0.0,-16235000,-31000.0,13474000.0,0,0,0,0,0.0,0.0,0,0,0,0,0.0,0,0,0,-16126000.0
ZPIN,2014-06-30,USD,52141000.0,0,0,0,0,0.0,4147000.0,0,0.0,0,-40510000.0,64398000.0,0,0,0,0,-23801000.0,-23801000.0,0,0,0,0,83060000.0,0,0,0,8920000.0
ZSPH,2014-06-30,USD,0.0,0,0,0,0,0.0,3732000.0,0,0.0,0,0.0,140678000.0,0,0,0,0,0.0,0.0,0,0,0,0,0.0,0,0,0,0.0
ZTO,2016-09-30,USD,214235000.0,0,0,0,0,0.0,0.0,0,0.0,0,0.0,10684000.0,0,0,0,0,0.0,0.0,0,0,0,0,0.0,0,0,0,81646000.0
ZYME,2017-03-31,USD,-12697000.0,0,0,0,0,588000.0,913000.0,0,0.0,0,6589000.0,-15000.0,0,0,0,0,0.0,0.0,0,0,0,0,450000.0,0,0,0,-15926000.0
RUE,2009-10-31,USD,25511000.0,0,0,0,0,0.0,26499000.0,0,0.0,0,0.0,1707000.0,0,0,0,0,0.0,0.0,0,0,0,0,0.0,0,0,0,5978000.0
